orderID,candidate_address,is_comp,subject_address,bath_score_diff,full_baths_diff,half_baths_diff,room_count_diff,bedrooms_diff,effective_age_diff,subject_age_diff,lot_size_sf_diff,gla_diff,gla_per_bedroom_diff,lot_util_diff,condition_diff,abs_bath_score_diff,abs_full_bath_diff,abs_half_bath_diff,abs_room_count_diff,abs_bedrooms_diff,abs_effective_age_diff,abs_subject_age_diff,abs_lot_size_sf_diff,abs_gla_diff,distance_to_subject_km,same_property_type,sold_recently,score,rank,subject_bath_score,subject_num_full_baths,subject_num_half_baths,subject_bedrooms,subject_gla,subject_lot_size_sf,subject_property_type,subject_condition,candidate_bath_score,candidate_num_full_baths,candidate_num_half_baths,candidate_bedrooms,candidate_gla,candidate_lot_size_sf,candidate_property_type,candidate_close_price,candidate_condition,explanation
4723364,2480 Hitchcock Rd,1,1050 John F. Scott Rd Kingston ON K7L4V3,0.5,0.0,,0.0,0.0,-20.0,45.0,169884.0,-96.0,32.0,0.0010122116107714,1.0,0.5,0.0,,0.0,0.0,20.0,45.0,169884.0,96.0,9.98,1.0,1.0,2.4052155017852783,1.0,1.5,1,1,3.0,1254,609840.0,Detached,Average,1.0,1,0,3,1350,439956.0,Detached,349000.0,Inferior,"The model ranked the candidate property as more comparable due to its similarities in room count, bedrooms, and effective age. The identical room count and bedrooms, as well as a slightly lower effective age compared to the subject, positively influenced the score. However, the candidate property was deemed less similar due to its higher absolute age, recent sale, and a larger difference in gross living area per bedroom, all of which had a negative impact on the score."
4723364,1996 McFarlane Rd,1,1050 John F. Scott Rd Kingston ON K7L4V3,0.5,0.0,,-5.0,0.0,-85.0,-20.0,566280.0,270.0,90.0,0.0205332546241637,0.0,0.5,0.0,,5.0,0.0,85.0,20.0,566280.0,270.0,6.44,1.0,0.0,1.3768523931503296,2.0,1.5,1,1,3.0,1254,609840.0,Detached,Average,1.0,1,0,3,984,43560.0,Detached,400000.0,Average,"The model ranked the candidate property as relatively more comparable to the subject due to its significantly lower effective age (85 years less) and subject age (20 years less). However, the candidate was considered less similar due to a substantial difference in room count (5 rooms less) and a relatively large difference in gross living area (270 sq. ft. more)."
4723364,2738 Isle of Man Rd,1,1050 John F. Scott Rd Kingston ON K7L4V3,0.0,0.0,0.0,-2.0,1.0,-65.0,0.0,571943.0,440.0,11.0,0.0194229957093772,1.0,0.0,0.0,0.0,2.0,1.0,65.0,0.0,571943.0,440.0,2.94,1.0,1.0,0.9572356939315796,3.0,1.5,1,1,3.0,1254,609840.0,Detached,Average,1.5,1,1,2,814,37897.0,Detached,435000.0,Superior,"The model ranked the candidate property as more comparable due to its similar number of bedrooms and the fact that it is significantly older than the subject property, contributing to a higher similarity score. However, the lower room count and greater living area difference made the candidate less comparable to the subject, resulting in a slightly lower overall score."
4742669,523 35A St NW,1,"504 37 St NW, Calgary, AB T2N 3B8, Canada",0.0,0.0,,-1.0,0.0,-47.0,1.0,-657.0,-172.0,86.0,0.0100141060716674,0.0,0.0,0.0,,1.0,0.0,47.0,1.0,657.0,172.0,0.07,1.0,0.0,3.927086591720581,1.0,2.0,2,0,2.0,840,4639.0,Detached,Average,2.0,2,0,2,1012,5296.0,Detached,802500.0,Similar,"The model ranked the candidate property as more comparable to the subject property because it has one less room, the same number of bedrooms, and is significantly older by 47 years. These similarities in room count and bedroom number, as well as the larger age difference, contributed positively to the property's score, indicating a closer match to the subject."
4742669,2536 4 Ave NW,1,"504 37 St NW, Calgary, AB T2N 3B8, Canada",0.0,0.0,,0.0,0.0,-48.0,0.0,-754.0,0.0,0.0,0.0253160438429303,0.0,0.0,0.0,,0.0,0.0,48.0,0.0,754.0,0.0,1.54,1.0,1.0,3.6921639442443848,2.0,2.0,2,0,2.0,840,4639.0,Detached,Average,2.0,2,0,2,840,5393.0,Detached,810000.0,Similar,"The candidate property was ranked more comparable to the subject property due to its similar room count and number of bedrooms. Additionally, despite being older by 48 years, the effective age of the candidate property contributed positively to its similarity score. However, the fact that the candidate property was sold recently had a slightly negative impact on its comparability score."
4742669,2425 3 Ave NW,1,"504 37 St NW, Calgary, AB T2N 3B8, Canada",1.0,1.0,,-1.0,0.0,-55.0,-7.0,-775.0,-172.0,86.0,0.0058492855381284,1.0,1.0,1.0,,1.0,0.0,55.0,7.0,775.0,172.0,1.77,1.0,1.0,2.7698144912719727,3.0,2.0,2,0,2.0,840,4639.0,Detached,Average,1.0,1,0,2,1012,5414.0,Detached,670000.0,Inferior,"The candidate property was ranked as more comparable to the subject property due to having one fewer room and being 55 years older, which the model considered as making it a better match. Additionally, having sold recently had a minor negative impact on the similarity score, indicating that this decreased the overall similarity between the properties."
4752865,1253 Adamson Dr SW,1,8915 20 Ave SW Edmonton AB T6X2C5,0.0,0.0,0.0,0.0,0.0,-8.0,-6.0,-754.0,-390.0,97.5,0.0062829231904376,1.0,0.0,0.0,0.0,0.0,0.0,8.0,6.0,754.0,390.0,3.27,1.0,1.0,3.5943262577056885,1.0,2.5,2,1,4.0,2974,6512.0,Detached,Good,2.5,2,1,4,3364,7266.0,Detached,1194500.0,Superior,"The candidate property at 1253 Adamson Dr SW was ranked higher due to its similarity in room count and bedrooms with the subject property. Additionally, despite being 8 years older than the subject property, the effective age difference had a positive impact on the score. However, the fact that the candidate property was sold recently had a slightly negative impact on its ranking."
4752865,716 40 St SW,1,8915 20 Ave SW Edmonton AB T6X2C5,0.0,0.0,0.0,1.0,1.0,-4.0,-2.0,1884.0,418.0,108.5,0.0955950745276588,0.0,0.0,0.0,0.0,1.0,1.0,4.0,2.0,1884.0,418.0,4.69,1.0,0.0,3.249718189239502,2.0,2.5,2,1,4.0,2974,6512.0,Detached,Good,2.5,2,1,3,2556,4628.0,Detached,844707.0,Similar,"The candidate property at 716 40 St SW received a relatively high score due to its similarity in room count, bedrooms, and effective age compared to the subject property. Despite its larger gross living area and absolute gross living area, as well as slightly different lot utility, these differences had a mitigating effect on the overall score, resulting in a reasonably comparable ranking."
4752865,3116 Winspear Cres SW,1,8915 20 Ave SW Edmonton AB T6X2C5,0.0,0.0,0.0,0.0,0.0,-5.0,-3.0,979.0,204.0,51.0,0.0439372365316699,0.0,0.0,0.0,0.0,0.0,0.0,5.0,3.0,979.0,204.0,2.17,1.0,0.0,2.753601312637329,3.0,2.5,2,1,4.0,2974,6512.0,Detached,Good,2.5,2,1,4,2770,5533.0,Detached,842500.0,Similar,"The candidate property was ranked as more comparable to the subject property due to having the same number of rooms and bedrooms, as well as being slightly older, which positively influenced the score. However, the greater living area per bedroom in the candidate property compared to the subject had a slight negative impact on the similarity score."
4755196,156 Aquarium Ave,1,531 Des Genévriers Rue Orléans ON K4A0Z2,0.0,0.0,0.0,0.0,0.0,2.0,4.0,-629.0,-115.0,28.75,0.0948783598987147,1.0,0.0,0.0,0.0,0.0,0.0,2.0,4.0,629.0,115.0,0.84,1.0,1.0,2.9360463619232178,1.0,3.5,3,1,4.0,2956,3601.0,Detached,Good,3.5,3,1,4,3071,4230.0,Detached,1130000.0,Superior,"The candidate property at 156 Aquarium Ave received a higher score because its room count, bedrooms, and effective age closely matched those of the subject property, positively impacting the similarity score. However, the fact that it was sold recently and had a significantly different gross living area per bedroom compared to the subject slightly decreased its similarity score."
4755196,415 Hepatica Way,1,531 Des Genévriers Rue Orléans ON K4A0Z2,0.0,0.0,0.0,-2.0,0.0,0.0,2.0,-484.0,-395.0,98.75,0.000564850577002,1.0,0.0,0.0,0.0,2.0,0.0,0.0,2.0,484.0,395.0,0.43,1.0,1.0,2.05657696723938,2.0,3.5,3,1,4.0,2956,3601.0,Detached,Good,3.5,3,1,4,3351,4085.0,Detached,1085000.0,Inferior,"The model ranked the candidate property at 415 Hepatica Way as more comparable to the subject at 531 Des Genévriers Rue due to their identical number of bedrooms and effective age. Additionally, the candidate property being just 2 years older than the subject also contributed positively. However, the substantial difference in room count, as well as the relatively large difference in gross living area, made the candidate less similar to the subject, resulting in the overall score of 2.06."
4755196,1959 Montclair Ave,1,531 Des Genévriers Rue Orléans ON K4A0Z2,1.0,1.0,0.0,-2.0,0.0,-20.0,-18.0,-1940.0,360.0,90.0,0.3523755984082907,1.0,1.0,1.0,0.0,2.0,0.0,20.0,18.0,1940.0,360.0,4.01,1.0,1.0,0.7060818672180176,3.0,3.5,3,1,4.0,2956,3601.0,Detached,Good,2.5,2,1,4,2596,5541.0,Detached,942500.0,Inferior,"The candidate property at 1959 Montclair Ave was ranked as more comparable to the subject due to its effective age being 20 years younger, which had a high positive impact on the score (SHAP +0.87). However, the lower room count and the fact that it was sold recently had a negative impact on the score, making the candidate slightly less similar overall."
4756192,1606-1111 10 St SW,1,2306-530 3 St SE Calgary AB T2G 2L8,0.0,0.0,,-1.0,0.0,-12.0,-12.0,,144.0,72.0,,1.0,0.0,0.0,,1.0,0.0,12.0,12.0,,144.0,2.3,1.0,1.0,3.3298256397247314,1.0,2.0,2,0,2.0,1109,,High Rise Apartment,Good,2.0,2,0,2,965,,High Rise Apartment,517500.0,Inferior,"The model ranked the candidate property as more comparable to the subject property due to its lower effective age (-12.0 years) and a slightly lower room count (-1.0), both of which had positive SHAP values, indicating they made the candidate more similar. However, the fact that the candidate property was sold recently (sold_recently = 1.0) had a slightly negative impact on the similarity score, resulting in a score of 3.33."
4756192,3205-930 6 Ave SW,1,2306-530 3 St SE Calgary AB T2G 2L8,0.0,0.0,,-1.0,0.0,-7.0,-7.0,,128.0,64.0,,1.0,0.0,0.0,,1.0,0.0,7.0,7.0,,128.0,1.92,1.0,1.0,3.241788148880005,2.0,2.0,2,0,2.0,1109,,High Rise Apartment,Good,2.0,2,0,2,981,,High Rise Apartment,574900.0,Inferior,"The model ranked the candidate property higher due to its effective age being 7 years younger than the subject, which had a strong positive impact on the similarity score (SHAP +0.61). Additionally, the lower room count and the same number of bedrooms also positively contributed to the similarity score (SHAP +0.14 and +0.11, respectively). However, the fact that the candidate property was sold recently had a slightly negative impact on the score (SHAP -0.01), indicating a slight dissimilarity in this aspect."
4756192,Unit 2602 - 510 6 Avenue SE,1,2306-530 3 St SE Calgary AB T2G 2L8,0.0,0.0,,0.0,0.0,-8.0,-8.0,,71.0,35.5,,1.0,0.0,0.0,,0.0,0.0,8.0,8.0,,71.0,0.21,1.0,1.0,3.0115878582000732,3.0,2.0,2,0,2.0,1109,,High Rise Apartment,Good,2.0,2,0,2,1038,,High Rise Apartment,607500.0,Inferior,"The model ranked the candidate property as more comparable to the subject due to its identical room count and bedroom count, which had a positive impact on the score. Additionally, the candidate's lower effective age compared to the subject also contributed positively. However, the recent sale of the candidate property and its greater gross living area per bedroom had a slight negative impact on the score, making it slightly less similar to the subject."
4756320,146 Allard Link SW,1,405 Allard Blvd SW Edmonton AB T6W3T3,0.0,0.0,0.0,0.0,0.0,-4.0,-1.0,-194.0,0.0,0.0,0.0230365843686719,0.0,0.0,0.0,0.0,0.0,0.0,4.0,1.0,194.0,0.0,0.67,1.0,0.0,3.8804192543029785,1.0,2.5,2,1,3.0,1580,3552.0,Detached,Good,2.5,2,1,3,1580,3746.0,Detached,468000.0,Similar,"The candidate property at 146 Allard Link SW received a relatively high similarity score of 3.88 compared to the subject property due to its matching room count and bedrooms, which contributed positively to the similarity score (SHAP +0.35 and +0.09, respectively). Additionally, despite being four years younger than the subject property, the effective age difference of -4.0 still contributed positively to the similarity score (SHAP +0.25), indicating a favorable match in terms of age."
4756320,3018 Arthurs Cres SW,1,405 Allard Blvd SW Edmonton AB T6W3T3,0.0,0.0,0.0,0.0,0.0,-6.0,-3.0,829.0,155.0,51.66666666666663,0.0785000479730557,0.0,0.0,0.0,0.0,0.0,0.0,6.0,3.0,829.0,155.0,0.51,1.0,0.0,3.2874984741210938,2.0,2.5,2,1,3.0,1580,3552.0,Detached,Good,2.5,2,1,3,1425,2723.0,Detached,441500.0,Similar,"The candidate property was ranked as more comparable due to having the same room count and bedrooms as the subject, positively impacting the score. Additionally, despite being 6 years older, the effective age only slightly impacted the similarity score. However, the slightly larger lot size and greater gross living area per bedroom compared to the subject had a negative impact on the similarity score."
4756320,645 Allard Blvd SW,1,405 Allard Blvd SW Edmonton AB T6W3T3,0.0,0.0,0.0,0.0,0.0,-6.0,-3.0,-818.0,140.0,46.66666666666663,0.1153003690189045,0.0,0.0,0.0,0.0,0.0,0.0,6.0,3.0,818.0,140.0,0.81,1.0,1.0,2.915149688720703,3.0,2.5,2,1,3.0,1580,3552.0,Detached,Good,2.5,2,1,3,1440,4370.0,Detached,478000.0,Similar,"The candidate property at 645 Allard Blvd SW was ranked as more comparable to the subject due to its similar room count and bedroom count, which had a positive SHAP impact. Additionally, despite being older by 6 years, the effective age difference still contributed positively to the similarity score. However, the recent sale of the candidate property and differences in lot utility and GLA per bedroom had a negative impact on the similarity score, indicating some dissimilarity in those aspects."
4756829,283 Falsetto St,1,340 Axis Way Ottawa ON K1W 0J9,0.0,0.0,0.0,0.0,0.0,4.0,8.0,146.0,18.0,6.0,0.0615780913085973,1.0,0.0,0.0,0.0,0.0,0.0,4.0,8.0,146.0,18.0,1.39,1.0,1.0,2.3110978603363037,1.0,3.5,3,1,3.0,1587,1868.0,Townhouse,Good,3.5,3,1,3,1569,1722.0,Townhouse,635000.0,Superior,"The candidate property at 283 Falsetto St was considered more comparable to the subject at 340 Axis Way due to its identical room count and bedrooms, which had a positive impact on the score (SHAP +0.39 and +0.08, respectively). Additionally, the slightly higher effective age of the candidate property (4 years) also contributed positively to the similarity score (SHAP +0.03). However, the fact that the candidate property was sold recently had a minor negative impact on the similarity score (SHAP -0.01)."
4756829,783 Percifor Way,1,340 Axis Way Ottawa ON K1W 0J9,1.0,1.0,0.0,-1.0,0.0,-9.0,-5.0,-73.0,-153.0,51.0,0.0468733969002048,0.0,1.0,1.0,0.0,1.0,0.0,9.0,5.0,73.0,153.0,1.57,1.0,1.0,2.173448085784912,2.0,3.5,3,1,3.0,1587,1868.0,Townhouse,Good,2.5,2,1,3,1740,1941.0,Townhouse,612500.0,Similar,"The model ranked the candidate property higher due to its effective age being 9 years younger than the subject, as indicated by a SHAP score of +0.41. Additionally, the slightly lower room count and absence of recent sale contributed positively to the similarity score. However, the higher absolute bathroom score and slightly different lot utility had a negative impact on the similarity, resulting in the overall score of 2.17."
4756829,178 Joshua St,1,340 Axis Way Ottawa ON K1W 0J9,1.0,1.0,0.0,0.0,0.0,-1.0,3.0,-549.0,72.0,24.0,0.2227616393160862,1.0,1.0,1.0,0.0,0.0,0.0,1.0,3.0,549.0,72.0,1.61,1.0,1.0,1.731467604637146,3.0,3.5,3,1,3.0,1587,1868.0,Townhouse,Good,2.5,2,1,3,1515,2417.0,Townhouse,632000.0,Superior,"The candidate property at 178 Joshua St received a higher similarity score due to its matching room count and bedrooms with the subject property. Additionally, despite being one year younger than the subject property, its effective age difference contributed positively to the similarity score. However, the slightly larger lot utility difference and recent sale of the candidate property compared to the subject had a slight negative impact on the similarity score."
4757939,924 15 Ave NE,1,824 9A ST NE Calgary AB T2E4L6,0.0,0.0,,0.0,-1.0,-42.0,2.0,743.0,-97.0,129.16666666666669,0.0340036257581822,0.0,0.0,0.0,,0.0,1.0,42.0,2.0,743.0,97.0,0.77,1.0,1.0,3.777459144592285,1.0,2.0,2,0,2.0,969,6738.0,Detached,Average,2.0,2,0,3,1066,5995.0,Detached,760000.0,Similar,"The candidate property was ranked more similar to the subject property due to its similar room count and a significantly lower effective age. Additionally, the candidate property's age being closer to the subject's age also contributed to the similarity score. However, the model found the candidate less comparable due to a slight difference in bedrooms, recent sale status, and lot utility, albeit with minimal impact."
4757939,3310 Centre St NE,1,824 9A ST NE Calgary AB T2E4L6,0.0,0.0,,0.0,0.0,-46.0,-2.0,743.0,22.0,11.0,0.0141537508624358,0.0,0.0,0.0,,0.0,0.0,46.0,2.0,743.0,22.0,3.01,1.0,0.0,3.461904287338257,2.0,2.0,2,0,2.0,969,6738.0,Detached,Average,2.0,2,0,2,947,5995.0,Detached,650000.0,Similar,"The candidate property was ranked higher due to its identical room count and bedroom count, which positively influenced its similarity score. Additionally, despite being 46 years older than the subject property, the effective age difference still contributed positively to the similarity score. However, the greater living area per bedroom in the candidate property had a slight negative impact on its similarity score."
4757939,632 12 Ave NE,1,824 9A ST NE Calgary AB T2E4L6,1.0,1.0,,1.0,1.0,-51.0,-7.0,743.0,345.0,139.5,0.0397244809974474,1.0,1.0,1.0,,1.0,1.0,51.0,7.0,743.0,345.0,0.88,1.0,0.0,3.1578617095947266,3.0,2.0,2,0,2.0,969,6738.0,Detached,Average,1.0,1,0,1,624,5995.0,Detached,773000.0,Superior,"The candidate property was ranked as more comparable to the subject property due to having an additional room and bedroom, which positively influenced the similarity score. Additionally, despite a significant age difference, the effective age of the candidate property had a positive impact on the score. However, the smaller lot utility of the candidate property had a negative impact on its similarity score."
4757966,206-88 Arbour Lake Rd NW,1,218 88 ARBOUR LAKE RD NW Calgary AB T3G0C2,0.0,0.0,,-1.0,0.0,-2.0,0.0,,-21.0,10.5,,0.0,0.0,0.0,,1.0,0.0,2.0,0.0,,21.0,0.0,1.0,1.0,3.604871988296509,1.0,2.0,2,0,2.0,1039,,Low Rise Apartment,Good,2.0,2,0,2,1060,,Low Rise Apartment,384000.0,Good,"The candidate property was ranked as more comparable due to its lower effective age compared to the subject, which had a positive SHAP impact score of +0.29. Additionally, having one less room and being two years older were also contributing factors, with SHAP impact scores of +0.04 and +0.12 respectively. However, the fact that the candidate property was sold recently had a slightly negative impact on its comparability, with a SHAP impact score of -0.01."
4757966,215-88 Arbour Lake Rd NW,1,218 88 ARBOUR LAKE RD NW Calgary AB T3G0C2,0.0,0.0,,-1.0,0.0,-2.0,0.0,,89.0,44.5,,0.0,0.0,0.0,,1.0,0.0,2.0,0.0,,89.0,0.0,1.0,1.0,2.785646438598633,2.0,2.0,2,0,2.0,1039,,Low Rise Apartment,Good,2.0,2,0,2,950,,Low Rise Apartment,328500.0,Good,"The candidate property was considered more similar to the subject property due to its slightly lower room count and effective age, as indicated by positive SHAP values of 0.05 and 0.28, respectively. However, the model found the candidate less similar because it was sold more recently and had a higher gross living area per bedroom, resulting in negative SHAP values of -0.01 and -0.08, respectively."
4757966,2207-950 Arbour Lake Rd NW,1,218 88 ARBOUR LAKE RD NW Calgary AB T3G0C2,0.0,0.0,,-2.0,0.0,-7.0,-5.0,,-91.0,45.5,,0.0,0.0,0.0,,2.0,0.0,7.0,5.0,,91.0,0.61,1.0,1.0,2.6219019889831543,3.0,2.0,2,0,2.0,1039,,Low Rise Apartment,Good,2.0,2,0,2,1130,,Low Rise Apartment,378900.0,Good,"The candidate property was ranked higher due to its effective age being 7 years younger than the subject property, contributing a SHAP value of +0.53. Additionally, the candidate property's subject age being 5 years younger also added a similarity score of +0.34. However, the candidate property was ranked lower due to having 2 fewer rooms than the subject, resulting in a dissimilarity score of -0.16. Overall, the model considered the age similarities as well as the difference in room count when ranking the candidate property."
4758025,4 Rockcliff Pt NW,1,2 Rockcliff Hts NW Calgary AB T3G0C7,0.0,0.0,0.0,1.0,1.0,-8.0,-6.0,904.0,-259.0,320.41666666666663,0.0780863706240085,0.0,0.0,0.0,0.0,1.0,1.0,8.0,6.0,904.0,259.0,0.06,1.0,0.0,4.168155670166016,1.0,3.5,3,1,4.0,2809,8191.0,Detached,Good,3.5,3,1,3,3068,7287.0,Detached,1249000.0,Good,"The model ranked the candidate property highly comparable to the subject due to its slightly larger room count and number of bedrooms, both of which positively influenced the similarity score. Additionally, the candidate's lower effective age compared to the subject further increased its similarity score, as indicated by the positive SHAP impact of -8.0."
4758025,61 Rockford Rd NW,1,2 Rockcliff Hts NW Calgary AB T3G0C7,0.0,0.0,0.0,1.0,1.0,-2.0,0.0,2680.0,226.0,158.75,0.1257615954204952,0.0,0.0,0.0,0.0,1.0,1.0,2.0,0.0,2680.0,226.0,0.24,1.0,1.0,3.1119329929351807,2.0,3.5,3,1,4.0,2809,8191.0,Detached,Good,3.5,3,1,3,2583,5511.0,Detached,1235000.0,Good,"The candidate property at 61 Rockford Rd NW was considered more comparable to the subject due to having an additional room and bedroom compared to the subject, which contributed positively to its score. Additionally, despite being older by 2 years, the effective age difference still slightly favored the candidate. However, the recent sale of the candidate property and a slightly smaller lot utility compared to the subject had a slight negative impact on its similarity score."
4758025,1 Rock Lake Pt NW,1,2 Rockcliff Hts NW Calgary AB T3G0C7,0.5,0.0,,0.0,0.0,8.0,10.0,2314.0,333.0,83.25,0.0783660157968754,1.0,0.5,0.0,,0.0,0.0,8.0,10.0,2314.0,333.0,0.43,1.0,1.0,2.0947623252868652,3.0,3.5,3,1,4.0,2809,8191.0,Detached,Good,3.0,3,0,4,2476,5877.0,Detached,1175000.0,Superior,"The candidate property at 1 Rock Lake Pt NW was considered more comparable to the subject based on its similarity in room count, bedrooms, and effective age, as indicated by their respective SHAP values of +0.56, +0.11, and +0.29. However, the fact that the candidate property was sold recently, with a SHAP value of -0.01, made it slightly less similar to the subject, resulting in an overall score of 2.09."
4758316,216-100 Auburn Meadows Manor SE,1,"119 110 Auburn Meadows View SE Calgary, Alberta T3M 2M2",0.0,0.0,,0.0,0.0,3.0,3.0,,-145.0,72.5,,0.0,0.0,0.0,,0.0,0.0,3.0,3.0,,145.0,0.17,1.0,1.0,4.030745506286621,1.0,2.0,2,0,2.0,789,,Condominium,Good,2.0,2,0,2,934,,Condominium,378000.0,Good,"The candidate property was ranked higher due to its similarity in room count, number of bedrooms, and effective age compared to the subject property. These similarities contributed positively to the score, with the effective age difference of 3.0 years being the most influential. However, the fact that the candidate property was sold recently had a slightly negative impact on the score, indicating a slight dissimilarity in this aspect."
4758316,411-25 Auburn Meadows Ave SE,1,"119 110 Auburn Meadows View SE Calgary, Alberta T3M 2M2",0.0,0.0,,-2.0,0.0,-2.0,-2.0,,-92.0,46.0,,0.0,0.0,0.0,,2.0,0.0,2.0,2.0,,92.0,0.424,1.0,1.0,2.7629241943359375,2.0,2.0,2,0,2.0,789,,Condominium,Good,2.0,2,0,2,881,,Condominium,390000.0,Good,"The candidate property was ranked as more comparable due to its similarity in the number of bedrooms and effective age, both of which positively contributed to the score. However, the lower room count and recent sale of the candidate property had a negative impact on its comparability, resulting in a slightly lower overall score."
4758316,105-22 Auburn Bay Link SE,1,"119 110 Auburn Meadows View SE Calgary, Alberta T3M 2M2",0.0,0.0,,-1.0,0.0,-2.0,-2.0,,-86.0,43.0,,1.0,0.0,0.0,,1.0,0.0,2.0,2.0,,86.0,1.18,1.0,1.0,2.640285015106201,3.0,2.0,2,0,2.0,789,,Condominium,Good,2.0,2,0,2,875,,Condominium,344000.0,Inferior,"The candidate property was ranked as more comparable to the subject property due to its lower room count and effective age, which had positive impacts on the similarity score. The similarity was also influenced positively by the equal number of bedrooms. However, the recent sale of the candidate property and its larger gross living area per bedroom had negative impacts on the similarity score, making it less similar to the subject property."
4758324,5296 Highway 329,1,3 Bayview Lane Queensland NS B0J1T0,1.0,1.0,,0.0,0.0,-36.0,-27.0,,9.0,3.0,,0.0,1.0,1.0,,0.0,0.0,36.0,27.0,,9.0,19.97,1.0,0.0,2.313351631164551,1.0,2.0,2,0,3.0,1094,12600.0,Detached,Average,1.0,1,0,3,1085,,Detached,620000.0,Average,"The model ranked the candidate property as more comparable to the subject due to its identical room count and bedroom count, which had positive SHAP impacts of 0.35 and 0.08, respectively. Additionally, the candidate's effective age being 36 years younger than the subject contributed positively with a SHAP impact of 0.61. However, the candidate's age being 27 years older than the subject had a negative impact of -0.22, and the difference in gross living area per bedroom of 3.0 had a minor negative impact of -0.03, slightly decreasing the overall similarity score."
4758324,102 Deeridge Rd,1,3 Bayview Lane Queensland NS B0J1T0,0.0,0.0,,0.0,0.0,7.0,16.0,,-117.0,39.0,,1.0,0.0,0.0,,0.0,0.0,7.0,16.0,,117.0,1.3,1.0,1.0,1.8316352367401123,2.0,2.0,2,0,3.0,1094,12600.0,Detached,Average,2.0,2,0,3,1211,,Detached,649000.0,Good,"The model ranked the candidate property at 102 Deeridge Rd as more comparable to the subject at 3 Bayview Lane due to their identical room count and number of bedrooms, which had the highest positive SHAP impact scores of +0.43 and +0.09, respectively. Additionally, the relatively close subject age difference of 16 years contributed positively with a SHAP impact score of +0.55. However, the higher effective age difference of 7 years had a small negative impact of -0.08, and the fact that the candidate property sold recently resulted in a minimal negative impact of -0.01."
4758324,20 Creekside Way,1,3 Bayview Lane Queensland NS B0J1T0,0.0,0.0,,1.0,0.0,4.0,13.0,,-194.0,64.66666666666663,,1.0,0.0,0.0,,1.0,0.0,4.0,13.0,,194.0,9.03,1.0,1.0,1.7339307069778442,3.0,2.0,2,0,3.0,1094,12600.0,Detached,Average,2.0,2,0,3,1288,,Detached,550000.0,Good,"The model ranked the candidate property at 20 Creekside Way as more comparable to the subject at 3 Bayview Lane due to having one more room and being closer in age by 13 years, which positively influenced the score. However, the slightly lower effective age and recent sale of the candidate property had a slight negative impact, leading to the overall score of 1.73."
4758529,2805-361 Front St W,1,915 140 SIMCOE ST Toronto ON M5H4E9,0.0,0.0,,0.0,-1.0,-8.0,-2.0,,133.0,240.33333333333331,,1.0,0.0,0.0,,0.0,1.0,8.0,2.0,,133.0,0.77,1.0,1.0,3.5864083766937256,1.0,2.0,2,0,2.0,1176,,High Rise Apartment,Average,2.0,2,0,3,1043,,High Rise Apartment,920000.0,Superior,"The candidate property at 2805-361 Front St W was ranked as more comparable due to its similar room count and a slightly lower effective age compared to the subject property. However, the model found the recent sale of the candidate property to be slightly dissimilar, which affected its overall score."
4758529,904-71 Simcoe St,1,915 140 SIMCOE ST Toronto ON M5H4E9,0.0,0.0,,1.0,-1.0,-21.0,-15.0,,-164.0,141.33333333333331,,0.0,0.0,0.0,,1.0,1.0,21.0,15.0,,164.0,0.34,1.0,1.0,2.983985185623169,2.0,2.0,2,0,2.0,1176,,High Rise Apartment,Average,2.0,2,0,3,1340,,High Rise Apartment,970000.0,Similar,"The candidate property was ranked as more similar to the subject primarily due to its higher room count, lower number of bedrooms, and greater effective age compared to the subject. These factors contributed positively to the similarity score. However, the candidate property was considered less similar due to its slightly younger age compared to the subject and the fact that it was sold recently, both of which had a small negative impact on the similarity score."
4758529,3103-126 Simcoe St,1,915 140 SIMCOE ST Toronto ON M5H4E9,0.0,0.0,,1.0,0.0,3.0,9.0,,323.0,161.5,,1.0,0.0,0.0,,1.0,0.0,3.0,9.0,,323.0,0.05,1.0,1.0,2.7135441303253174,3.0,2.0,2,0,2.0,1176,,High Rise Apartment,Average,2.0,2,0,2,853,,High Rise Apartment,785000.0,Superior,"The candidate property was ranked as more comparable to the subject property due to having one more room and being slightly newer, as indicated by the positive SHAP values of room_count_diff (1.0, +0.61) and effective_age_diff (3.0, +0.31) respectively. However, the fact that it was sold recently had a minor negative impact, as indicated by the slightly negative SHAP value for sold_recently (1.0, -0.01)."
4758615,57 Morenz Terr,1,"82 Morenz Terrace Ottawa, Ontario K2K 3H2",0.0,0.0,,-2.0,-1.0,-11.0,1.0,-761.0,-136.0,599.0,0.0438647641340154,1.0,0.0,0.0,,2.0,1.0,11.0,1.0,761.0,136.0,0.05,1.0,0.0,2.4849750995635986,1.0,3.0,3,0,1.0,1334,3253.0,Townhouse,Average,3.0,3,0,2,1470,4014.0,Townhouse,900000.0,Good,"The model ranked the candidate property at 57 Morenz Terr as more comparable to the subject at 82 Morenz Terrace due to its slightly younger effective age, similar size (GLA) with a slightly smaller difference, and a slightly younger age compared to the subject property. However, the model found the candidate less similar due to a larger difference in room count and slightly smaller difference in lot utility, which led to a moderate positive overall score of 2.48."
4758615,41 Coulson Crt,1,"82 Morenz Terrace Ottawa, Ontario K2K 3H2",0.0,0.0,,-3.0,-2.0,-15.0,-3.0,-1589.0,-141.0,842.3333333333333,0.1054568127815927,0.0,0.0,0.0,,3.0,2.0,15.0,3.0,1589.0,141.0,1.7,1.0,1.0,2.476691722869873,2.0,3.0,3,0,1.0,1334,3253.0,Townhouse,Average,3.0,3,0,3,1475,4842.0,Townhouse,790000.0,Average,"The model ranked the candidate property at 41 Coulson Crt as more comparable to the subject at 82 Morenz Terrace due to its smaller effective age, subject age, and square footage, which had positive SHAP values of 0.75, 0.30, and 0.54, respectively. However, the model found the differences in room count, bedrooms, and absolute room count to make the candidate less similar, as indicated by the negative SHAP values of -0.18, -0.13, and -0.20, respectively."
4758615,90 Kinmount Pvt,1,"82 Morenz Terrace Ottawa, Ontario K2K 3H2",1.0,1.0,,-4.0,-1.0,-13.0,-1.0,-1232.0,-131.0,601.5,0.0834386301847775,1.0,1.0,1.0,,4.0,1.0,13.0,1.0,1232.0,131.0,2.2,1.0,1.0,1.4692519903182983,3.0,3.0,3,0,1.0,1334,3253.0,Townhouse,Average,2.0,2,0,2,1465,4485.0,Townhouse,740000.0,Inferior,"The model ranked the candidate property at 90 Kinmount Pvt as more comparable to the subject at 82 Morenz Terrace due to its lower effective age (-13 years) and smaller size (131 sq ft less), which both positively influenced the similarity score. However, the higher room count difference (-4) and absolute room count difference (4) negatively impacted the score, indicating a less favorable match in terms of the number of rooms."
4758672,47 Denise Dr,1,23 Macfarlane St Lake Echo NS B3E1M5,0.5,0.0,,2.0,-1.0,-27.0,-18.0,,-392.0,69.5,,0.0,0.5,0.0,,2.0,1.0,27.0,18.0,,392.0,0.15,1.0,0.0,2.9669547080993652,1.0,2.5,2,1,3.0,2010,33661.0,Detached,Average,2.0,2,0,4,2402,,Detached,585000.0,Similar,"The candidate property at 47 Denise Dr was ranked as more comparable to the subject property at 23 Macfarlane St primarily because it has 2 more rooms, which had a relatively high positive impact on the score (SHAP +0.38). Additionally, despite being 27 years older, the candidate's effective age still positively influenced the score (SHAP +0.44). The slightly lower number of bedrooms compared to the subject had a minimal positive impact (SHAP +0.02), further contributing to the overall similarity score of 2.97."
4758672,6547 Highway 7,1,23 Macfarlane St Lake Echo NS B3E1M5,0.5,0.0,,3.0,0.0,-68.0,-59.0,,910.0,303.3333333333333,,0.0,0.5,0.0,,3.0,0.0,68.0,59.0,,910.0,14.66,1.0,0.0,2.2190651893615723,2.0,2.5,2,1,3.0,2010,33661.0,Detached,Average,2.0,2,0,3,1100,,Detached,420000.0,Similar,"The model ranked the candidate property higher due to its higher room count and effective_age_diff of -68.0, indicating it is more similar to the subject. However, the lower subject_age_diff and larger gla_diff of 910.0 made the candidate less similar, resulting in a score of 2.22."
4758672,1 Partridge Nest Dr,1,23 Macfarlane St Lake Echo NS B3E1M5,1.0,1.0,0.0,2.0,-1.0,-30.0,-21.0,,317.0,246.75,,1.0,1.0,1.0,0.0,2.0,1.0,30.0,21.0,,317.0,2.86,1.0,1.0,1.2355393171310425,3.0,2.5,2,1,3.0,2010,33661.0,Detached,Average,1.5,1,1,4,1693,,Detached,525000.0,Inferior,"The model ranked the candidate property at 1 Partridge Nest Dr as more comparable to the subject at 23 Macfarlane St due to the higher room count and larger effective age difference, which had positive SHAP impacts of +0.39 and +0.35, respectively. However, the lower number of bedrooms, larger difference in gross living area, and recent sale of the candidate property had negative impacts, resulting in the overall score of 1.24."
4758996,168 Marquis Pl SE,1,160 Marquis Pl SE Airdrie AB T4A1Y7,-0.5,-1.0,,-1.0,0.0,-21.0,0.0,-1852.0,-234.0,78.0,0.0169183307125903,0.0,0.5,1.0,,1.0,0.0,21.0,0.0,1852.0,234.0,0.03,1.0,1.0,3.6712305545806885,1.0,1.5,1,1,3.0,1144,5823.0,Detached,Average,2.0,2,0,3,1378,7675.0,Detached,530000.0,Average,"The candidate property at 168 Marquis Pl SE was ranked as more comparable to the subject at 160 Marquis Pl SE due to its effective age being 21 years younger, which had the highest positive SHAP impact of 0.45. Additionally, the fact that it has one less room than the subject had a positive impact of 0.20, further increasing its similarity score. However, the fact that it was sold recently had a slight negative impact of -0.01, slightly reducing its similarity score."
4758996,156 Marquis Pl SE,1,160 Marquis Pl SE Airdrie AB T4A1Y7,-0.5,-1.0,,0.0,0.0,-21.0,0.0,247.0,58.0,19.33333333333331,0.001699033491835,1.0,0.5,1.0,,0.0,0.0,21.0,0.0,247.0,58.0,0.01,1.0,1.0,3.388674020767212,2.0,1.5,1,1,3.0,1144,5823.0,Detached,Average,2.0,2,0,3,1086,5576.0,Detached,565000.0,Superior,"The candidate property at 156 Marquis Pl SE received a relatively high similarity score due to its identical room count and bedroom count compared to the subject property, which had a positive impact on the score. Additionally, despite being 21 years younger (effective_age_diff = -21.0), this difference had a positive impact on the score. However, the model found the recent sale of the candidate property (sold_recently = 1.0) and a larger difference in gross living area per bedroom (gla_per_bedroom_diff = 19.33) to have a slightly negative impact on the similarity score."
4758996,1852 Meadowbrook Dr SE,1,160 Marquis Pl SE Airdrie AB T4A1Y7,-0.5,-1.0,,1.0,0.0,-17.0,4.0,915.0,72.0,24.0,0.021956603251502,0.0,0.5,1.0,,1.0,0.0,17.0,4.0,915.0,72.0,0.54,1.0,1.0,2.61665678024292,3.0,1.5,1,1,3.0,1144,5823.0,Detached,Average,2.0,2,0,3,1072,4908.0,Detached,518000.0,Average,"The candidate property was considered more comparable due to having one more room and being 17 years older, which positively impacted its similarity score. However, the slight difference in bathroom quality, recent sale status, and lot utility slightly decreased its similarity score."
4759024,18 Carrington Rd NW,1,5 Lewiston Rd NE Calgary AB T3P 2J3,0.0,0.0,,0.0,0.0,,,797.0,-21.0,4.199999999999932,0.1086582098569421,1.0,0.0,0.0,,0.0,0.0,,,797.0,21.0,2.95,1.0,1.0,0.8623780608177185,1.0,4.0,4,0,5.0,2648,4930.0,Detached,Excellent,4.0,4,0,5,2669,4133.0,Detached,1020000.0,Inferior,"The model ranked the candidate property as more comparable to the subject due to having the same room count and bedrooms, which contributed positively to the score with SHAP values of +0.46 and +0.03, respectively. Additionally, the slightly smaller gross living area (GLA) of -21 square feet had a relatively minor positive impact with a SHAP value of +0.29. However, the lack of data for effective age, subject age, and absolute effective age differences resulted in negative SHAP values, indicating that these missing values made the candidate less similar to the subject."
4759024,275 Lucas Way NW,1,5 Lewiston Rd NE Calgary AB T3P 2J3,0.5,1.0,,2.0,2.0,,,732.0,140.0,306.4,0.0603076708990177,0.0,0.5,1.0,,2.0,2.0,,,732.0,140.0,2.7,1.0,1.0,0.5889678597450256,2.0,4.0,4,0,5.0,2648,4930.0,Detached,Excellent,3.5,3,1,3,2508,4198.0,Detached,1038888.0,Similar,"The model ranked the candidate property at 275 Lucas Way NW as more comparable to the subject due to having 2 more rooms, 2 more bedrooms, and a larger gross living area (GLA) by 140 square feet. However, the lack of data for effective age difference and subject age difference had a negative impact on the similarity score, indicating a potential mismatch in the age-related features."
4759024,196 Lewiston Drive NE ,0,5 Lewiston Rd NE Calgary AB T3P 2J3,-0.5,1.0,,1.0,1.0,,,1586.0,310.0,73.14999999999998,0.1838731475101176,0.0,0.5,1.0,,1.0,1.0,,,1586.0,310.0,,1.0,1.0,-2.950685977935791,3.0,4.0,4,0,5.0,2648,4930.0,Detached,Excellent,4.5,3,0,4,2338,3344.0,Detached,,Excellent,"The candidate property was ranked as less comparable due to its higher number of bedrooms compared to the subject and the lack of data on effective and subject age differences. However, its similar room count and absolute room count positively contributed to its comparability score. The model also noted a small positive impact from the slight difference in absolute bathroom score."
4759088,5 Willowdale Dr,1,70 Cliffview Lane Head of Jeddore NS B0J1P0,1.0,1.0,,1.0,1.0,2.0,13.0,,18.0,224.33333333333331,,1.0,1.0,1.0,,1.0,1.0,2.0,13.0,,18.0,9.73,1.0,1.0,2.453486442565918,1.0,2.0,2,0,3.0,1400,37374.0,Detached,Good,1.0,1,0,2,1382,,Detached,599000.0,Superior,"The model ranked the property at 5 Willowdale Dr as relatively more comparable to the subject at 70 Cliffview Lane due to having one additional room and bedroom, as well as being slightly newer (effective_age_diff = 2.0, SHAP +0.28). However, the fact that the candidate property was sold recently had a slight negative impact on its similarity score (sold_recently = 1.0, SHAP -0.01)."
4759088,2 Willowdale Dr,1,70 Cliffview Lane Head of Jeddore NS B0J1P0,0.0,0.0,,0.0,0.0,-17.0,-6.0,,218.0,72.66666666666669,,1.0,0.0,0.0,,0.0,0.0,17.0,6.0,,218.0,9.68,1.0,1.0,2.2912821769714355,2.0,2.0,2,0,3.0,1400,37374.0,Detached,Good,2.0,2,0,3,1182,,Detached,500000.0,Inferior,"The model ranked the candidate property at 2 Willowdale Dr as relatively comparable to the subject due to its similar room count and bedroom count, both of which positively influenced the score. Additionally, despite being 17 years older, the effective age of the candidate property still contributed positively to its similarity score. However, the fact that the candidate property was sold recently had a slightly negative impact on its similarity score."
4759088,137 Myers Point Rd,1,70 Cliffview Lane Head of Jeddore NS B0J1P0,1.0,1.0,,1.0,1.0,-20.0,-9.0,,536.0,34.666666666666686,,1.0,1.0,1.0,,1.0,1.0,20.0,9.0,,536.0,0.93,1.0,0.0,1.7795066833496094,3.0,2.0,2,0,3.0,1400,37374.0,Detached,Good,1.0,1,0,2,864,,Detached,429900.0,Inferior,"The candidate property was ranked as more comparable due to its higher room count and bedrooms compared to the subject property. Additionally, its lower effective age contributed positively to the similarity score. However, the larger gross living area (GLA) and GLA per bedroom of the candidate property compared to the subject had a negative impact on the similarity score, indicating a less favorable match in terms of these features."
4759260,43 Summer Lane,1,60 MILL LAKE RD Number 2 Simms Settlement NS B0J1T0,0.0,0.0,,1.0,1.0,-51.0,-12.0,,-25.0,156.5,,0.0,0.0,0.0,,1.0,1.0,51.0,12.0,,25.0,9.79,1.0,0.0,3.5376853942871094,1.0,1.0,1,0,3.0,864,15936.0,Detached,Average,1.0,1,0,2,889,,Detached,375000.0,Similar,"The candidate property at 43 Summer Lane was ranked as more comparable to the subject at 60 MILL LAKE RD due to its slightly higher room count and significantly lower effective age compared to the subject. These factors positively influenced the similarity score. However, the model found the difference in the number of bedrooms to slightly detract from the similarity, although to a lesser extent."
4759260,46 Highway 3,1,60 MILL LAKE RD Number 2 Simms Settlement NS B0J1T0,0.0,0.0,,-1.0,0.0,-50.0,-11.0,,-274.0,91.33333333333331,,1.0,0.0,0.0,,1.0,0.0,50.0,11.0,,274.0,0.99,1.0,1.0,3.5224111080169678,2.0,1.0,1,0,3.0,864,15936.0,Detached,Average,1.0,1,0,3,1138,,Detached,375000.0,Superior,"The candidate property at 46 Highway 3 was ranked as more comparable to the subject property at 60 MILL LAKE RD due to having one fewer room and being 50 years older, which both positively influenced the similarity score. However, the fact that it was sold recently had a slightly negative impact on the similarity score."
4759260,7730 Highway 329,1,60 MILL LAKE RD Number 2 Simms Settlement NS B0J1T0,0.0,0.0,,-1.0,0.0,-24.0,15.0,,-228.0,76.0,,0.0,0.0,0.0,,1.0,0.0,24.0,15.0,,228.0,9.66,1.0,0.0,3.3260574340820312,3.0,1.0,1,0,3.0,864,15936.0,Detached,Average,1.0,1,0,3,1092,,Detached,348500.0,Similar,"The model ranked the candidate property higher because it has one fewer room than the subject, which slightly improved its similarity score (SHAP +0.04). Additionally, the candidate property is 24 years older than the subject, but this age difference significantly increased its similarity score (SHAP +0.52), indicating that the model finds the older age of the candidate property to be more comparable to the subject."
4759498,53 Armagh Way,1,40 Tierney Dr Nepean ON K2J 4T3,0.0,0.0,0.0,0.0,0.0,-17.0,-7.0,-847.0,-170.0,56.66666666666663,0.0775566403324486,0.0,0.0,0.0,0.0,0.0,0.0,17.0,7.0,847.0,170.0,1.9,1.0,1.0,3.5309669971466064,1.0,3.5,3,1,3.0,1774,3137.0,Detached,Average,3.5,3,1,3,1944,3984.0,Detached,759500.0,Similar,"The model ranked the candidate property at 53 Armagh Way as more comparable to the subject at 40 Tierney Dr due to their identical room count and bedrooms, as well as the relatively close effective ages. However, the model found the recent sale of the candidate property, slight difference in lot utility, and higher GLA per bedroom to slightly decrease the similarity score."
4759498,393 Stoneway Dr,1,40 Tierney Dr Nepean ON K2J 4T3,1.0,1.0,0.0,0.0,0.0,-15.0,-5.0,296.0,86.0,28.666666666666742,0.0286485394150524,0.0,1.0,1.0,0.0,0.0,0.0,15.0,5.0,296.0,86.0,0.43,1.0,1.0,2.4063057899475098,2.0,3.5,3,1,3.0,1774,3137.0,Detached,Average,2.5,2,1,3,1688,2841.0,Detached,725000.0,Similar,"The candidate property at 393 Stoneway Dr received a higher score due to its similarity in room count, bedrooms, and effective age, as indicated by positive SHAP values for these features. However, the model deemed it less comparable due to its recent sale status, slightly different lot utility, and a higher GLA per bedroom compared to the subject property, as evidenced by their negative SHAP impacts."
4759498,24 Avonhurst Ave,1,40 Tierney Dr Nepean ON K2J 4T3,2.0,2.0,0.0,1.0,0.0,-14.0,-4.0,-770.0,321.0,107.00000000000006,0.1936118517077681,0.0,2.0,2.0,0.0,1.0,0.0,14.0,4.0,770.0,321.0,0.92,1.0,1.0,1.4958016872406006,3.0,3.5,3,1,3.0,1774,3137.0,Detached,Average,1.5,1,1,3,1453,3907.0,Detached,650000.0,Similar,"The model ranked the property at 24 Avonhurst Ave as more comparable to the subject at 40 Tierney Dr due to its similar room count and bedroom count, which contributed positively to the score. Additionally, the effective age of the candidate property being 14 years younger than the subject also increased its similarity score. However, the higher absolute bathroom score difference and the slightly larger lot utility difference had a negative impact on the similarity score."
4759512,44 Walton Dr,1,23 WALTON DR Halifax NS B3N1X6,-0.5,-1.0,,-1.0,-1.0,-62.0,2.0,,-126.0,118.08333333333336,,1.0,0.5,1.0,,1.0,1.0,62.0,2.0,,126.0,0.22,1.0,0.0,3.7976927757263184,1.0,1.5,1,1,3.0,1795,6300.0,Detached,Average,2.0,2,0,4,1921,,Detached,888000.0,Inferior,"The candidate property at 44 Walton Dr was ranked as more comparable to the subject at 23 Walton Dr due to its slightly lower room count, one fewer bedroom, and significantly lower effective age, all of which positively contributed to its similarity score. The model particularly attributed the lower effective age of -62 years at 44 Walton Dr as the most influential factor in making it a better match, with a SHAP impact score of +0.68."
4759512,34 Craigmore Dr,1,23 WALTON DR Halifax NS B3N1X6,0.5,0.0,,1.0,0.0,-55.0,9.0,,421.0,140.33333333333337,,0.0,0.5,0.0,,1.0,0.0,55.0,9.0,,421.0,0.43,1.0,0.0,3.3656814098358154,2.0,1.5,1,1,3.0,1795,6300.0,Detached,Average,1.0,1,0,3,1374,,Detached,845000.0,Similar,"The model ranked the candidate property at 34 Craigmore Dr as more comparable to the subject at 23 WALTON DR due to its similar room count and bedrooms, which had positive SHAP impacts of 0.48 and 0.05, respectively. However, the larger gross living area (GLA) difference of 421.0 square feet and absolute GLA difference also contributed negatively to the score with SHAP impacts of -0.13 and -0.05, making the candidate property slightly less similar overall. Additionally, the effective age difference of -55 years had a positive SHAP impact of 0.65, further contributing to the candidate's similarity."
4759512,4 Piers Ave,1,23 WALTON DR Halifax NS B3N1X6,0.5,0.0,,1.0,0.0,-59.0,5.0,,735.0,245.00000000000009,,0.0,0.5,0.0,,1.0,0.0,59.0,5.0,,735.0,0.28,1.0,0.0,2.685730457305908,3.0,1.5,1,1,3.0,1795,6300.0,Detached,Average,1.0,1,0,3,1060,,Detached,702000.0,Similar,"The model ranked the candidate property higher due to its similar room count and bedroom count compared to the subject property, with respective positive SHAP values of 0.49 and 0.05. However, the larger gross living area (GLA) difference of 735 square feet, resulting in a negative SHAP value of -0.56, and the absolute GLA difference, with a negative SHAP value of -0.10, contributed to a lower similarity score. Additionally, the candidate's effective age being 59 years older than the subject also had a positive impact on the score with a SHAP value of 0.63."
4759561,135 Hawthorne St,1,47 Pleasant St Dartmouth NS B2Y3P4,1.0,0.0,,9.0,2.0,-87.0,78.0,,1577.0,107.39999999999998,,1.0,1.0,0.0,,9.0,2.0,87.0,78.0,,1577.0,0.79,1.0,1.0,1.828016757965088,1.0,4.0,3,2,5.0,3137,14375.0,Duplex,Good,3.0,3,0,3,1560,,Duplex,951000.0,Superior,"The candidate property at 135 Hawthorne St was ranked as more comparable to the subject property primarily due to its lower effective age, with a SHAP impact score of +1.96. Additionally, the higher room count and number of bedrooms also contributed positively to its similarity score, with SHAP impact scores of +0.49 and +0.07, respectively. However, the larger gross living area (GLA) and the fact that it was sold recently made the candidate less similar, with SHAP impact scores of -0.39 and -0.01, respectively."
4759561,53 Pine St,1,47 Pleasant St Dartmouth NS B2Y3P4,2.5,2.0,1.0,8.0,2.0,-87.0,78.0,,1281.0,8.733333333333348,,0.0,2.5,2.0,1.0,8.0,2.0,87.0,78.0,,1281.0,0.89,0.0,1.0,1.723569631576538,2.0,4.0,3,2,5.0,3137,14375.0,Duplex,Good,1.5,1,1,3,1856,,Detached,908000.0,Similar,"The candidate property at 53 Pine St was ranked as more comparable to the subject property at 47 Pleasant St due to its significantly lower effective age (87 years younger) which had a high positive SHAP impact of +2.63. Additionally, the higher room count and number of bedrooms also contributed positively to its similarity score. However, the larger gross living area (gla) and higher absolute bath score of the candidate property had a negative impact on the similarity score, indicating a slight dissimilarity in these aspects."
4759561,73 Prince Albert Rd,1,47 Pleasant St Dartmouth NS B2Y3P4,2.0,1.0,,8.0,2.0,-80.0,85.0,,835.0,139.9333333333334,,1.0,2.0,1.0,,8.0,2.0,80.0,85.0,,835.0,0.34,1.0,0.0,1.0768367052078247,3.0,4.0,3,2,5.0,3137,14375.0,Duplex,Good,2.0,2,0,3,2302,,Duplex,782500.0,Inferior,"The candidate property at 73 Prince Albert Rd was ranked as more comparable to the subject property at 47 Pleasant St due to its lower effective age (-80 years) and higher room count (+8), which both positively influenced the score. However, the larger difference in gross living area (835 sq. ft.) and absolute bathroom score (-2) had a negative impact, making the candidate slightly less similar overall."
4759562,177 Melrose Cres,1,10 Heritage Hills Dr Eastern Passage NS B3G1N5,0.0,0.0,0.0,0.0,0.0,-14.0,2.0,,-149.0,49.666666666666686,,0.0,0.0,0.0,0.0,0.0,0.0,14.0,2.0,,149.0,0.447,1.0,0.0,3.9940361976623535,1.0,1.5,1,1,3.0,1132,3500.0,Detached,Average,1.5,1,1,3,1281,,Detached,367000.0,Average,"The candidate property at 177 Melrose Cres received a relatively high score of 3.99 compared to the subject due to its identical room count and bedroom count, which positively impacted the similarity score. Additionally, despite being 14 years older than the subject property, its effective age still contributed positively to the similarity score. However, the larger difference in gross living area per bedroom slightly reduced the similarity score."
4759562,49 Peter Crt,1,10 Heritage Hills Dr Eastern Passage NS B3G1N5,-0.5,-1.0,,0.0,0.0,-7.0,9.0,,-271.0,90.33333333333336,,1.0,0.5,1.0,,0.0,0.0,7.0,9.0,,271.0,1.05,1.0,0.0,3.8658273220062256,2.0,1.5,1,1,3.0,1132,3500.0,Detached,Average,2.0,2,0,3,1403,,Detached,370000.0,Superior,"The model ranked the property at 49 Peter Crt as more comparable to the subject property due to its identical room count and bedroom count, which contributed positively to the similarity score. Additionally, the candidate property's lower effective age compared to the subject property further increased its similarity score, as indicated by the SHAP impact of +0.80."
4759562,1702 Caldwell Rd,1,10 Heritage Hills Dr Eastern Passage NS B3G1N5,0.0,0.0,0.0,0.0,0.0,-24.0,-8.0,,-118.0,39.33333333333337,,1.0,0.0,0.0,0.0,0.0,0.0,24.0,8.0,,118.0,0.48,1.0,1.0,3.2968714237213135,3.0,1.5,1,1,3.0,1132,3500.0,Detached,Average,1.5,1,1,3,1250,,Detached,320000.0,Inferior,"The candidate property at 1702 Caldwell Rd received a relatively high score of 3.30 due to its similarities in room count, bedrooms, and effective age, all of which had positive SHAP values, indicating a better match. However, the model considered the property less similar due to it being sold recently and having a higher GLA per bedroom compared to the subject property, as indicated by the negative SHAP values."
4759604,23 White Dove Crt,1,283 OSBORNE ST Halifax NS B3N3H1,-1.0,-1.0,0.0,2.0,0.0,-8.0,0.0,,-132.0,44.0,,0.0,1.0,1.0,0.0,2.0,0.0,8.0,0.0,,132.0,0.16,1.0,1.0,3.481001377105713,1.0,1.5,1,1,3.0,1788,14232.0,Detached,Average,2.5,2,1,3,1920,,Detached,680000.0,Similar,"The candidate property was considered more comparable due to having 2 more rooms, the same number of bedrooms, and being 8 years younger than the subject property. However, the model found the candidate less similar because it was sold more recently and had 44 square feet more of gross living area per bedroom, impacting its overall score of 3.48."
4759604,45 Ridgestone Crt,1,283 OSBORNE ST Halifax NS B3N3H1,-1.0,-1.0,0.0,0.0,-1.0,-4.0,4.0,,-46.0,137.5,,0.0,1.0,1.0,0.0,0.0,1.0,4.0,4.0,,46.0,0.32,1.0,1.0,3.2584383487701416,2.0,1.5,1,1,3.0,1788,14232.0,Detached,Average,2.5,2,1,4,1834,,Detached,678000.0,Similar,"The candidate property at 45 Ridgestone Crt was ranked as more comparable to the subject property at 283 OSBORNE ST due to its similar room count and a slightly lower effective age. However, the fact that it was sold recently had a slight negative impact on the similarity score. The model interpreted the differences in room count and effective age as the most influential factors in determining the comparability of the candidate property to the subject."
4759604,94 Tamarack Dr,1,283 OSBORNE ST Halifax NS B3N3H1,-1.0,-1.0,0.0,2.0,0.0,-8.0,0.0,,435.0,145.0,,1.0,1.0,1.0,0.0,2.0,0.0,8.0,0.0,,435.0,0.11,1.0,0.0,2.751828193664551,3.0,1.5,1,1,3.0,1788,14232.0,Detached,Average,2.5,2,1,3,1353,,Detached,600000.0,Superior,"The model ranked the candidate property at 94 Tamarack Dr relatively high due to its similarity in room count, bedroom count, and effective age to the subject property. However, the larger size of the candidate property (435 sq. ft. greater) contributed negatively to the score, indicating a slight dissimilarity in terms of gross living area."
4759647,1 Virginia Dr,1,201 Halfway Lake Dr Hammonds Plains NS B4B1M8,0.0,0.0,0.0,1.0,0.0,-16.0,15.0,,-79.0,19.75,,1.0,0.0,0.0,0.0,1.0,0.0,16.0,15.0,,79.0,5.27,1.0,1.0,3.4104697704315186,1.0,2.5,2,1,4.0,2264,,Detached,Good,2.5,2,1,4,2343,,Detached,692000.0,Inferior,"The candidate property at 1 Virginia Dr received a relatively high score due to its similarity in room count, bedrooms, and effective age compared to the subject property. The model also considered the recent sale of the candidate property and a slightly higher gross living area per bedroom as factors that made it slightly less similar to the subject."
4759647,209 Glen Arbour Way,1,201 Halfway Lake Dr Hammonds Plains NS B4B1M8,0.0,0.0,0.0,1.0,2.0,-13.0,18.0,,-903.0,1017.5,,1.0,0.0,0.0,0.0,1.0,2.0,13.0,18.0,,903.0,1.3,1.0,1.0,3.3868393898010254,2.0,2.5,2,1,4.0,2264,,Detached,Good,2.5,2,1,2,3167,,Detached,930000.0,Superior,"The candidate property at 209 Glen Arbour Way was ranked as more comparable to the subject property due to its higher room count and bedrooms count, which both positively contributed to the similarity score. Additionally, the effective age of the candidate property being 13 years younger than the subject property further increased its similarity score. However, the larger absolute gross living area difference and recent sale of the candidate property slightly decreased its similarity score."
4759647,1693 White Hills Run,1,201 Halfway Lake Dr Hammonds Plains NS B4B1M8,0.0,0.0,0.0,2.0,1.0,-9.0,22.0,,600.0,11.333333333333371,,1.0,0.0,0.0,0.0,2.0,1.0,9.0,22.0,,600.0,3.5,1.0,1.0,0.32351869344711304,3.0,2.5,2,1,4.0,2264,,Detached,Good,2.5,2,1,3,1664,,Detached,588000.0,Inferior,"The candidate property at 1693 White Hills Run was ranked as more similar to the subject primarily due to having 2 more rooms and 1 more bedroom, which positively impacted the score. Additionally, the model considered the effective age difference of -9 years as a significant factor contributing to its similarity. However, the larger GLA difference of 600 sq. ft. and the absolute age and GLA differences had a negative impact on the overall similarity score."
4759723,334 Shadehill Cres,1,5 Golflinks Dr Ottawa ON K2J 4X9,0.0,0.0,0.0,0.0,0.0,-8.0,5.0,164.0,88.0,29.33333333333337,0.0032108035553935,1.0,0.0,0.0,0.0,0.0,0.0,8.0,5.0,164.0,88.0,0.91,1.0,1.0,3.050647020339966,1.0,3.5,3,1,3.0,2530,5987.0,Detached,Good,3.5,3,1,3,2442,5823.0,Detached,1244900.0,Inferior,"The model ranked the candidate property at 334 Shadehill Cres as more comparable to the subject due to having the same number of rooms and bedrooms, as well as being older by 8 years, which positively influenced its score. However, the recent sale of the candidate property and a larger difference in gross living area per bedroom had a slight negative impact on its similarity score."
4759723,100 Brambling Way,1,5 Golflinks Dr Ottawa ON K2J 4X9,-1.0,-1.0,0.0,0.0,-1.0,-3.0,10.0,387.0,-1226.0,95.66666666666664,0.2481320241475578,1.0,1.0,1.0,0.0,0.0,1.0,3.0,10.0,387.0,1226.0,1.05,1.0,1.0,2.3454456329345703,2.0,3.5,3,1,3.0,2530,5987.0,Detached,Good,4.5,4,1,4,3756,5600.0,Detached,1150000.0,Inferior,"The model ranked the candidate property at 100 Brambling Way as more comparable to the subject at 5 Golflinks Dr due to the identical room count and a slightly lower number of bedrooms, which both positively contributed to the similarity score. Additionally, the candidate's effective age being 3 years lower than the subject further increased its similarity score. However, the absolute difference in gross living area (GLA) and the recent sale of the candidate property had a negative impact on its similarity score, making it slightly less similar to the subject."
4759723,142 Chenoa Way,1,5 Golflinks Dr Ottawa ON K2J 4X9,-1.0,-1.0,0.0,0.0,-1.0,-6.0,7.0,-209.0,-1044.0,50.16666666666663,0.1542414956960222,0.0,1.0,1.0,0.0,0.0,1.0,6.0,7.0,209.0,1044.0,1.74,1.0,1.0,2.0871896743774414,3.0,3.5,3,1,3.0,2530,5987.0,Detached,Good,4.5,4,1,4,3574,6196.0,Detached,1435000.0,Similar,"The model ranked the candidate property at 142 Chenoa Way as more comparable to the subject at 5 Golflinks Dr due to their similar room count and a slightly lower number of bedrooms, as well as the candidate property being older by 6 years. However, the larger absolute gross living area (1044 sq ft) and a slightly larger lot utility made the candidate less similar, along with the fact that it was sold more recently."
4759846,40 Kingston Cres,1,54 Kingston Cres Dartmouth NS B3A2M2,0.0,0.0,0.0,1.0,0.0,-41.0,-2.0,,106.0,35.333333333333314,,1.0,0.0,0.0,0.0,1.0,0.0,41.0,2.0,,106.0,0.13,1.0,0.0,3.2733020782470703,1.0,1.5,1,1,3.0,1637,6000.0,Detached,Average,1.5,1,1,3,1531,,Detached,708000.0,Inferior,"The model ranked the candidate property at 40 Kingston Cres as more comparable to the subject due to having a similar room count and bedroom count, which positively influenced the score. Additionally, despite being older, the effective age of the candidate property also contributed positively to the similarity score. However, the higher GLA (Gross Living Area) per bedroom in the candidate property had a negative impact on the similarity score, indicating a potential dissimilarity in the living space allocation compared to the subject property."
4759846,36 Mount Pleasant Ave,1,54 Kingston Cres Dartmouth NS B3A2M2,0.0,0.0,0.0,-1.0,-1.0,-60.0,-21.0,,-242.0,75.91666666666663,,0.0,0.0,0.0,0.0,1.0,1.0,60.0,21.0,,242.0,0.49,1.0,1.0,3.266571283340454,2.0,1.5,1,1,3.0,1637,6000.0,Detached,Average,1.5,1,1,4,1879,,Detached,787000.0,Similar,"The candidate property at 36 Mount Pleasant Ave was ranked higher due to its effective age being 60 years older than the subject property, which the model saw as a strong similarity. The slightly lower room count and bedroom count also contributed positively to the similarity score. However, the fact that the candidate property was sold recently had a slightly negative impact on the similarity score."
4759846,2 Lawnsdale Dr,1,54 Kingston Cres Dartmouth NS B3A2M2,-0.5,-1.0,,-1.0,-1.0,-61.0,-22.0,,-255.0,72.66666666666663,,1.0,0.5,1.0,,1.0,1.0,61.0,22.0,,255.0,0.41,1.0,1.0,2.6615943908691406,3.0,1.5,1,1,3.0,1637,6000.0,Detached,Average,2.0,2,0,4,1892,,Detached,780000.0,Superior,"The candidate property at 2 Lawnsdale Dr was ranked as more comparable to the subject due to its lower effective age compared to the subject (effective_age_diff = -61.0, SHAP +0.79), as well as having one fewer room and bedroom, which also contributed positively to the similarity score. However, the fact that the candidate property was sold recently had a small negative impact on its similarity score (sold_recently = 1.0, SHAP -0.01)."
4760530,11 Union St,1,3435 Vandorf Siderd Stouffville ON L4A4H5,0.5,1.0,-1.0,0.0,1.0,-22.0,20.0,384940.0,16.0,173.75,0.0352315257590597,1.0,0.5,1.0,1.0,0.0,1.0,22.0,20.0,384940.0,16.0,7.58,1.0,0.0,2.9854748249053955,1.0,3.5,3,1,4.0,2149,438083.0,Detached,Average,3.0,2,2,3,2133,53143.0,Detached,2430000.0,Inferior,"The model ranked the candidate property at 11 Union St as relatively comparable to the subject property due to its identical room count and a bedroom difference of only 1, contributing positively to the similarity score. Additionally, despite an effective age difference of -22 years, the impact on the similarity score was still positive. However, the slightly higher lot utility difference had a small negative impact on the similarity score."
4760530,3948 Vandorf Siderd,1,3435 Vandorf Siderd Stouffville ON L4A4H5,0.0,0.0,0.0,1.0,1.0,3.0,45.0,1220.0,132.0,135.08333333333337,0.000288455041955,0.0,0.0,0.0,0.0,1.0,1.0,3.0,45.0,1220.0,132.0,1.51,1.0,1.0,2.5131962299346924,2.0,3.5,3,1,4.0,2149,438083.0,Detached,Average,3.5,3,1,3,2017,436863.0,Detached,2580000.0,Similar,"The candidate property was deemed more comparable because it had one additional room and bedroom compared to the subject, contributing positively to the score. Additionally, the slightly lower effective age of the candidate property further increased its similarity. However, the significantly higher absolute age of the candidate property and the fact that it was sold recently had a slightly negative impact on its similarity score."
4760530,9 Elias Snider Crt,1,3435 Vandorf Siderd Stouffville ON L4A4H5,-1.0,-1.0,0.0,-4.0,0.0,-10.0,32.0,374050.0,-527.0,131.75,0.0368854884206095,1.0,1.0,1.0,0.0,4.0,0.0,10.0,32.0,374050.0,527.0,3.46,1.0,0.0,1.2664196491241455,3.0,3.5,3,1,4.0,2149,438083.0,Detached,Average,4.5,4,1,4,2676,64033.0,Detached,2200000.0,Inferior,"The model ranked the candidate property at 9 Elias Snider Crt as more comparable to the subject due to its effective age being 10 years younger than the subject, positively impacting the score by 0.85. However, the lower room count and higher absolute room count of the candidate property compared to the subject had a negative impact on the score, making it less similar by -0.24 and -0.37 SHAP, respectively."
4760630,368 Barrie St,1,118 Colborne St Kingston ON K7K 1C9,-1.0,-1.0,,-2.0,-2.0,-80.0,35.0,756.0,90.0,168.33333333333331,0.7185906945223952,1.0,1.0,1.0,,2.0,2.0,80.0,35.0,756.0,90.0,0.07,1.0,1.0,-0.08372406661510468,1.0,1.0,1,0,4.0,1840,1742.0,Townhouse,Average,2.0,2,0,6,1750,986.0,Townhouse,770000.0,Inferior,"The model ranked the candidate property at 368 Barrie St as less comparable to the subject at 118 Colborne St due to a lower room count and fewer bedrooms, which had the most significant negative impact on the similarity score (SHAP -0.32 and -0.21, respectively). However, the effective age being 80 years younger than the subject property and a slightly larger gross living area contributed positively to the similarity score (SHAP +0.75 and +0.17, respectively), indicating some degree of similarity despite the differences in room count and bedrooms."
4760630,133 William St,1,118 Colborne St Kingston ON K7K 1C9,-1.5,-1.0,,-1.0,-1.0,-80.0,35.0,-272.0,-410.0,10.0,0.0609225661471879,1.0,1.5,1.0,,1.0,1.0,80.0,35.0,272.0,410.0,0.63,1.0,1.0,-0.7351399660110474,2.0,1.0,1,0,4.0,1840,1742.0,Townhouse,Average,2.5,2,1,5,2250,2014.0,Townhouse,890000.0,Inferior,"The model ranked the candidate property at 133 William St as somewhat less comparable to the subject at 118 Colborne St due to a lower room count and a higher absolute bathroom score, which had negative SHAP impacts of -0.03 and -0.50, respectively. However, the candidate became more similar due to a significantly lower effective age and a slightly lower number of bedrooms, with positive SHAP impacts of 0.80 and 0.01, respectively, contributing to a score of -0.74."
4760630,297 University Ave,1,118 Colborne St Kingston ON K7K 1C9,-0.5,0.0,,-2.0,-1.0,-80.0,35.0,-43.0,90.0,110.0,0.0758650187974155,1.0,0.5,0.0,,2.0,1.0,80.0,35.0,43.0,90.0,0.37,1.0,1.0,-1.0881274938583374,3.0,1.0,1,0,4.0,1840,1742.0,Townhouse,Average,1.5,1,1,5,1750,1785.0,Townhouse,770000.0,Inferior,"The candidate property at 297 University Ave was considered more comparable to the subject at 118 Colborne St due to its lower effective age compared to the subject, as well as its slightly larger size. However, the model found the lower room count and fewer bedrooms of the candidate property to make it less similar to the subject, resulting in a lower overall score."
4760651,4 Victoria Dr,1,92 Armcrest Dr Lower Sackville NS B4C3Z9,0.0,0.0,0.0,0.0,0.0,-22.0,0.0,-469.0,-186.0,62.00000000000006,0.0025255755269199,0.0,0.0,0.0,0.0,0.0,0.0,22.0,0.0,469.0,186.0,0.12,1.0,1.0,3.6270248889923096,1.0,1.5,1,1,3.0,1354,3250.0,Detached,Average,1.5,1,1,3,1540,3719.0,Detached,505000.0,Similar,"The model rated the property at 4 Victoria Dr as relatively comparable to the subject at 92 Armcrest Dr due to its identical room count and number of bedrooms, which positively contributed to the similarity score. Additionally, despite being 22 years younger, the effective age of the candidate property also positively influenced its similarity. However, the fact that the candidate property was sold recently slightly reduced its similarity score, as indicated by the small negative SHAP value."
4760651,9 Penstock Crt,1,92 Armcrest Dr Lower Sackville NS B4C3Z9,0.0,0.0,0.0,0.0,0.0,-27.0,-5.0,102.0,34.0,11.333333333333314,0.0026984654481477,0.0,0.0,0.0,0.0,0.0,0.0,27.0,5.0,102.0,34.0,1.62,1.0,0.0,3.509143352508545,2.0,1.5,1,1,3.0,1354,3250.0,Detached,Average,1.5,1,1,3,1320,3148.0,Detached,475000.0,Similar,"The model ranked the candidate property at 9 Penstock Crt as more comparable to the subject property due to its identical room count and bedroom count, which positively influenced the score. Additionally, despite a significant age difference, the effective age of the candidate property had a moderately positive impact. However, the model found the candidate less similar due to a relatively higher GLA per bedroom compared to the subject property, resulting in a slightly lower score."
4760651,57 Taleen Dr,1,92 Armcrest Dr Lower Sackville NS B4C3Z9,0.0,0.0,0.0,0.0,0.0,-22.0,0.0,-150.0,154.0,51.333333333333314,0.0636742081447963,0.0,0.0,0.0,0.0,0.0,0.0,22.0,0.0,150.0,154.0,0.37,1.0,1.0,2.959876775741577,3.0,1.5,1,1,3.0,1354,3250.0,Detached,Average,1.5,1,1,3,1200,3400.0,Detached,487000.0,Similar,"The candidate property at 57 Taleen Dr was considered more comparable to the subject at 92 Armcrest Dr due to having the same number of rooms and bedrooms, and being closer in effective age. However, the model found it less similar due to being sold more recently, having a slightly different lot utility, and a significantly different gross living area per bedroom."
4760900,312 Redstone Ave NE,1,1083 Cornerstone St NE Calgary AB T3N1G5,0.0,0.0,0.0,1.0,0.0,3.0,3.0,1023.0,-228.0,76.0,0.20578084009214,0.0,0.0,0.0,0.0,1.0,0.0,3.0,3.0,1023.0,228.0,1.33,1.0,1.0,4.064758777618408,1.0,2.5,2,1,3.0,1573,4058.0,Detached,Good,2.5,2,1,3,1801,3035.0,Detached,690000.0,Good,"The model ranked the candidate property at 312 Redstone Ave NE as more comparable to the subject property primarily because it has one more room, no difference in the number of bedrooms, and is only 3 years younger, all of which positively influenced the score. However, the fact that it was sold recently and has a slightly different lot utility compared to the subject had a slight negative impact on the score, making it slightly less similar."
4760900,1059 Cornerstone St NE,1,1083 Cornerstone St NE Calgary AB T3N1G5,0.0,0.0,0.0,-1.0,0.0,0.0,0.0,990.0,-235.0,78.33333333333326,0.2016796220127575,0.0,0.0,0.0,0.0,1.0,0.0,0.0,0.0,990.0,235.0,0.06,1.0,1.0,3.9240305423736572,2.0,2.5,2,1,3.0,1573,4058.0,Detached,Good,2.5,2,1,3,1808,3068.0,Detached,686000.0,Good,"The candidate property was deemed more comparable due to its similarity in room count, bedrooms, and effective age. Despite a slight discrepancy in the lot utility, the model still perceived the candidate as quite similar to the subject. However, the recent sale of the candidate property slightly decreased its comparability."
4760900,90 Corner Ridge Mews NE,1,1083 Cornerstone St NE Calgary AB T3N1G5,0.0,0.0,0.0,0.0,0.0,5.0,5.0,678.0,-67.0,22.333333333333258,0.0975777265158164,0.0,0.0,0.0,0.0,0.0,0.0,5.0,5.0,678.0,67.0,1.53,1.0,1.0,3.627122402191162,3.0,2.5,2,1,3.0,1573,4058.0,Detached,Good,2.5,2,1,3,1640,3380.0,Detached,680000.0,Good,"The candidate property at 90 Corner Ridge Mews NE was ranked as more comparable to the subject due to its identical room count and bedroom count, which had positive SHAP impacts of 0.36 and 0.13, respectively. Additionally, the slightly higher effective age of the candidate property by 5 years had a small positive impact of 0.08. However, the model found the recent sale of the candidate property to be slightly dissimilar (SHAP -0.01), and the difference in the gross living area per bedroom also contributed to the lower similarity score with a SHAP impact of -0.09."
4761220,20 Del Francesco Way,1,11 Bashir St Maple ON L6A3A3,0.0,0.0,0.0,0.0,0.0,-4.0,1.0,-28.0,-47.0,15.666666666666686,0.0115965497549005,1.0,0.0,0.0,0.0,0.0,0.0,4.0,1.0,28.0,47.0,1.39,1.0,1.0,3.1441290378570557,1.0,3.5,3,1,3.0,1525,2619.0,Detached,Average,3.5,3,1,3,1572,2647.0,Detached,1045000.0,Inferior,"The model ranked the property at 20 Del Francesco Way as relatively more comparable to the subject property due to having the same number of rooms and bedrooms, which positively impacted the similarity score. Additionally, the effective age being 4 years younger than the subject property also contributed positively. However, the recent sale of the candidate property and a higher GLA per bedroom compared to the subject had a slight negative impact on the similarity score."
4761220,74 Gianmarco Way,1,11 Bashir St Maple ON L6A3A3,0.5,1.0,-1.0,1.0,0.0,-5.0,0.0,186.0,-170.0,56.666666666666686,0.1143874625766652,1.0,0.5,1.0,1.0,1.0,0.0,5.0,0.0,186.0,170.0,1.22,1.0,1.0,2.91385555267334,2.0,3.5,3,1,3.0,1525,2619.0,Detached,Average,3.0,2,2,3,1695,2433.0,Detached,1105000.0,Superior,"The model ranked the property at 74 Gianmarco Way as relatively comparable to the subject property due to its similar room count and bedrooms, as well as a slightly lower effective age. However, the recent sale of the candidate property and differences in lot utility and GLA per bedroom made it slightly less comparable according to the model's analysis."
4761220,3 Blackthorn Dr,1,11 Bashir St Maple ON L6A3A3,0.0,0.0,0.0,0.0,0.0,-3.0,2.0,-61.0,36.0,12.0,0.0266862993167039,1.0,0.0,0.0,0.0,0.0,0.0,3.0,2.0,61.0,36.0,2.09,1.0,1.0,2.852067708969116,3.0,3.5,3,1,3.0,1525,2619.0,Detached,Average,3.5,3,1,3,1489,2680.0,Detached,1150000.0,Superior,"The candidate property at 3 Blackthorn Dr received a relatively high score due to its similarity in room count and number of bedrooms, both of which had a positive impact on the score. Additionally, the effective age difference of -3 years also contributed positively to the similarity score. However, the fact that the candidate property was sold recently had a slight negative impact on the score, indicating a slight dissimilarity in this aspect."
4761433,158 Eaglewood Dr,1,1368 Shore Dr Bedford NS B4A2E8,0.0,-1.0,,2.0,0.0,-29.0,-1.0,,401.0,100.25,,1.0,0.0,1.0,,2.0,0.0,29.0,1.0,,401.0,1.14,1.0,1.0,1.0002206563949585,1.0,3.0,2,2,4.0,2895,26700.0,Detached,Average,3.0,3,0,4,2494,,Detached,1185000.0,Superior,"The model ranked the candidate property at 158 Eaglewood Dr as more comparable to the subject property due to its similar room count and bedroom count, which had positive SHAP impacts of 0.42 and 0.11 respectively. Additionally, the effective age difference of -29.0 years also contributed positively with a SHAP impact of 0.33. However, the model found the candidate property less comparable due to its larger gross living area (GLA) difference of 401.0 square feet, resulting in a negative SHAP impact of -0.40."
4761433,428 Heddas Way,1,1368 Shore Dr Bedford NS B4A2E8,0.5,0.0,1.0,2.0,1.0,11.0,39.0,,541.0,60.91666666666663,,1.0,0.5,0.0,1.0,2.0,1.0,11.0,39.0,,541.0,11.52,1.0,1.0,0.6325023174285889,2.0,3.0,2,2,4.0,2895,26700.0,Detached,Average,2.5,2,1,3,2354,,Detached,1895000.0,Superior,"The candidate property at 428 Heddas Way received a relatively high score compared to the subject at 1368 Shore Dr Bedford NS B4A2E8 due to its higher room count and effective age, which positively contributed to the similarity score. However, the larger difference in gross living area (GLA) and absolute GLA, along with being sold more recently, had a negative impact on the similarity score, indicating less similarity in these aspects."
4761433,107 Ahmadi Cres,1,1368 Shore Dr Bedford NS B4A2E8,-0.5,-1.0,1.0,-2.0,-1.0,-5.0,23.0,,-879.0,31.049999999999955,,1.0,0.5,1.0,1.0,2.0,1.0,5.0,23.0,,879.0,2.91,1.0,0.0,0.5552845597267151,3.0,3.0,2,2,4.0,2895,26700.0,Detached,Average,3.5,3,1,5,3774,,Detached,1200000.0,Superior,"The model ranked the candidate property at 107 Ahmadi Cres as more similar to the subject at 1368 Shore Dr due to its lower effective age compared to the subject, which had a strong positive impact on the score (SHAP +0.58). However, the lower room count and larger absolute GLA difference had a negative impact on the score, making the candidate slightly less comparable overall."
4761446,1249 Carfa Cres,1,5004 Fox Run Pl Kingston ON K7P0E4,-1.0,-1.0,,-2.0,-1.0,0.0,10.0,-237.0,-63.0,124.08333333333336,0.001224630892771,1.0,1.0,1.0,,2.0,1.0,0.0,10.0,237.0,63.0,0.51,1.0,0.0,0.9065651297569275,1.0,2.0,2,0,3.0,1678,5663.0,Detached,Average,3.0,3,0,4,1741,5900.0,Detached,1095000.0,Superior,"The model ranked the candidate property as more comparable to the subject due to its identical effective age, slightly older subject age, and a slightly smaller size (63 sq. ft. less) compared to the subject. However, the candidate property was considered less similar due to having 2 fewer rooms, 1 fewer bedroom, and the same absolute age as the subject."
4761446,868 Roshan Dr,1,5004 Fox Run Pl Kingston ON K7P0E4,-1.0,-1.0,,-10.0,-1.0,-8.0,2.0,-168.0,-127.0,108.08333333333336,0.0132430157300426,1.0,1.0,1.0,,10.0,1.0,8.0,2.0,168.0,127.0,1.89,1.0,1.0,0.6310009360313416,2.0,2.0,2,0,3.0,1678,5663.0,Detached,Average,3.0,3,0,4,1805,5831.0,Detached,797000.0,Inferior,"The candidate property at 868 Roshan Dr was ranked as more comparable to the subject primarily due to its lower effective age compared to the subject, as indicated by the effective_age_diff of -8.0 (SHAP +0.66). Additionally, the smaller size of the candidate property, reflected in the GLA difference of -127.0 (SHAP +0.43), contributed to its similarity score. However, the higher room count and lower absolute room count of the candidate property, as denoted by the room_count_diff of -10.0 (SHAP -0.18) and abs_room_count_diff of 10.0 (SHAP -0.48) respectively, decreased its similarity score."
4761446,891 Safari Dr,1,5004 Fox Run Pl Kingston ON K7P0E4,-0.5,0.0,,-9.0,-1.0,-41.0,-31.0,-937.0,-416.0,35.83333333333337,0.0209633506172443,1.0,0.5,0.0,,9.0,1.0,41.0,31.0,937.0,416.0,1.12,1.0,0.0,-2.090285062789917,3.0,2.0,2,0,3.0,1678,5663.0,Detached,Average,2.5,2,1,4,2094,6600.0,Detached,856000.0,Inferior,"The candidate property at 891 Safari Dr was considered more similar to the subject property at 5004 Fox Run Pl due to its lower effective age (-41 years) and smaller size (-416 square feet), which both had positive impacts on the similarity score. However, the model found the higher room count difference (-9 rooms) and lower subject age difference (-31 years) to be dissimilarities, resulting in the overall lower similarity score of -2.09."
4761696,514 Triangle St,1,11 Bermondsey Way Stittsville ON K2S2Y7,0.0,0.0,0.0,0.0,0.0,-2.0,0.0,465.0,-380.0,126.66666666666674,0.2151642655960135,0.0,0.0,0.0,0.0,0.0,0.0,2.0,0.0,465.0,380.0,3.54,1.0,1.0,4.086036682128906,1.0,2.5,2,1,3.0,1751,3358.0,Townhouse,Good,2.5,2,1,3,2131,2893.0,Townhouse,755000.0,Good,"The candidate property at 514 Triangle St received a higher score due to its similarities in room count, bedrooms, and effective age, all of which positively contributed to its comparability. The model considered the lack of difference in these features as significant for a better match. However, the recent sale of the property and a slight difference in lot utility had a slight negative impact on the score, indicating some dissimilarity in these aspects."
4761696,225 Lift Lane,1,11 Bermondsey Way Stittsville ON K2S2Y7,0.0,0.0,0.0,0.0,0.0,-3.0,-1.0,-872.0,-7.0,2.3333333333333712,0.1058384972480242,0.0,0.0,0.0,0.0,0.0,0.0,3.0,1.0,872.0,7.0,3.43,1.0,1.0,3.7121152877807617,2.0,2.5,2,1,3.0,1751,3358.0,Townhouse,Good,2.5,2,1,3,1758,4230.0,Townhouse,768800.0,Good,"The candidate property at 225 Lift Lane was considered more comparable to the subject at 11 Bermondsey Way due to having the same room count and bedrooms, positively impacting the similarity score. However, the model found the effective age difference to be slightly dissimilar, but the impact was not significant. The recently sold indicator and the lot utility difference slightly reduced the similarity score, indicating some dissimilarity."
4761696,655 Allied Mews,1,11 Bermondsey Way Stittsville ON K2S2Y7,0.0,0.0,0.0,-1.0,-1.0,0.0,2.0,366.0,-51.0,133.16666666666663,0.0808313931452704,1.0,0.0,0.0,0.0,1.0,1.0,0.0,2.0,366.0,51.0,0.15,1.0,0.0,2.646451234817505,3.0,2.5,2,1,3.0,1751,3358.0,Townhouse,Good,2.5,2,1,4,1802,2992.0,Townhouse,705000.0,Average,"The candidate property at 655 Allied Mews received a higher score because it had one less room and one less bedroom compared to the subject property, which contributed positively to the similarity. Additionally, the effective age difference of 0 years also increased the similarity score, indicating that the model found these similarities to be influential in ranking the candidate property as more comparable to the subject."
4762154,401-11 Springvale Ave,1,306 11 SPRINGVALE AVE Halifax NS B3N0A3,0.0,0.0,,-1.0,0.0,-9.0,0.0,,-683.0,341.5,,1.0,0.0,0.0,,1.0,0.0,9.0,0.0,,683.0,0.0,1.0,0.0,3.8134841918945312,1.0,2.0,2,0,2.0,1523,,Condominium,Good,2.0,2,0,2,2206,,Condominium,900000.0,Superior,"The model ranked the candidate property as more comparable to the subject due to its slightly lower room count and effective age, which both positively contributed to the similarity score. Additionally, the similarity was further enhanced by the identical number of bedrooms. However, the larger absolute difference in gross living area negatively impacted the similarity score, as indicated by the slightly lower SHAP value."
4762154,111-11 Springvale Ave,1,306 11 SPRINGVALE AVE Halifax NS B3N0A3,0.0,0.0,,0.0,0.0,-7.0,2.0,,181.0,90.5,,1.0,0.0,0.0,,0.0,0.0,7.0,2.0,,181.0,0.0,1.0,0.0,3.693699359893799,2.0,2.0,2,0,2.0,1523,,Condominium,Good,2.0,2,0,2,1342,,Condominium,720000.0,Inferior,"The candidate property at 111-11 Springvale Ave received a relatively high similarity score due to its identical room count and bedroom count compared to the subject property, resulting in positive SHAP impacts of +0.56 and +0.06, respectively. Additionally, the slightly lower effective age of the candidate property compared to the subject further contributed to its favorable similarity score, with a positive SHAP impact of +0.55."
4762154,306-79 Bedros Lane,1,306 11 SPRINGVALE AVE Halifax NS B3N0A3,0.0,0.0,,-1.0,0.0,-10.0,-1.0,,-293.0,146.5,,1.0,0.0,0.0,,1.0,0.0,10.0,1.0,,293.0,6.41,1.0,1.0,3.6898036003112793,3.0,2.0,2,0,2.0,1523,,Condominium,Good,2.0,2,0,2,1816,,Condominium,720000.0,Inferior,"The candidate property was ranked higher due to its effective age being 10 years younger than the subject property, which had a strong positive impact on the similarity score (+0.62). Additionally, having one less room and the same number of bedrooms also contributed positively to the similarity score (+0.11 and +0.13, respectively). However, the fact that the candidate property was sold recently had a slightly negative impact on the similarity score (-0.01), but overall, the model found the candidate property to be quite comparable to the subject."
4762330,109 Kinniburgh Cove,1,229 SANDPIPER CRES Chestermere AB T1X0Y4,0.5,0.0,,1.0,0.0,-1.0,-1.0,5450.0,-152.0,38.0,5.266280047680304,0.0,0.5,0.0,,1.0,0.0,1.0,1.0,5450.0,152.0,1.11,1.0,1.0,3.3458640575408936,1.0,2.5,2,1,4.0,2456,5909.0,Detached,Good,2.0,2,0,4,2608,459.0,Detached,860000.0,Good,"The model ranked the property at 109 Kinniburgh Cove as more comparable to the subject due to its similar room count and bedrooms, which positively impacted the score. Additionally, the slightly lower effective age of the candidate property also contributed positively. However, the higher GLA per bedroom and the fact that the candidate property was sold more recently had a negative impact on the similarity score."
4762330,118 Sandpiper Pk,1,229 SANDPIPER CRES Chestermere AB T1X0Y4,-0.5,-1.0,,0.0,0.0,3.0,3.0,,89.0,22.25,,0.0,0.5,1.0,,0.0,0.0,3.0,3.0,,89.0,0.15,1.0,1.0,2.9912304878234863,2.0,2.5,2,1,4.0,2456,5909.0,Detached,Good,3.0,3,0,4,2367,,Detached,860000.0,Good,"The candidate property at 118 Sandpiper Pk was considered more comparable to the subject due to having the same number of rooms and bedrooms, as well as a relatively small effective age difference of 3 years, all of which contributed positively to its score. However, the model found the candidate less similar due to being sold recently and having a larger difference in gross living area per bedroom, which had a slightly negative impact on its comparability score."
4762330,19 Sandpiper Bend,1,229 SANDPIPER CRES Chestermere AB T1X0Y4,-1.5,-2.0,,1.0,-1.0,5.0,5.0,5423.0,-158.0,91.20000000000005,4.962963659396595,0.0,1.5,2.0,,1.0,1.0,5.0,5.0,5423.0,158.0,0.5,1.0,1.0,2.061065435409546,3.0,2.5,2,1,4.0,2456,5909.0,Detached,Good,4.0,4,0,5,2614,486.0,Detached,890000.0,Good,"The candidate property at 19 Sandpiper Bend was ranked as more comparable to the subject due to having one more room and being slightly newer, which positively impacted the score. However, the higher absolute bathroom score difference and recent sale of the candidate property had a negative impact on the similarity score, leading to a moderate overall score of 2.06."
4762406,2 Crouchers Point Rd,1,164 Redmonds Rd Seabright NS B3Z3C4,0.0,0.0,0.0,-1.0,2.0,-33.0,-33.0,,308.0,341.6,,1.0,0.0,0.0,0.0,1.0,2.0,33.0,33.0,,308.0,4.525,1.0,0.0,1.7090009450912476,1.0,2.5,2,1,5.0,3332,42495.0,Detached,Excellent,2.5,2,1,3,3024,,Detached,1800000.0,Good,"The candidate property at 2 Crouchers Point Rd received a higher similarity score due to having one fewer room and two more bedrooms than the subject property, which positively influenced the score. Additionally, despite being the same age as the subject property, its effective age is 33 years younger, further increasing its similarity score. However, the model ranked it slightly lower due to the subject property being 33 years older, which had a slightly negative impact on the score."
4762406,58 Blind Bay Dr,1,164 Redmonds Rd Seabright NS B3Z3C4,-0.5,-1.0,,2.0,2.0,-20.0,-20.0,,777.0,185.26666666666665,,1.0,0.5,1.0,,2.0,2.0,20.0,20.0,,777.0,12.559,1.0,1.0,1.320299744606018,2.0,2.5,2,1,5.0,3332,42495.0,Detached,Excellent,3.0,3,0,3,2555,,Detached,1189500.0,Good,"The candidate property at 58 Blind Bay Dr was ranked as more comparable to the subject at 164 Redmonds Rd due to having 2 more rooms and bedrooms, as well as being 20 years younger in effective age, which all contributed positively to the similarity score. However, the larger size of the candidate property (777 sq. ft. greater) and the absolute difference in age (20 years) had a negative impact on the similarity score, leading to a final score of 1.32."
4762406,401 Viewmount Dr,1,164 Redmonds Rd Seabright NS B3Z3C4,1.0,1.0,0.0,3.0,4.0,-53.0,-53.0,,1503.0,1162.6,,1.0,1.0,1.0,0.0,3.0,4.0,53.0,53.0,,1503.0,8.61,1.0,0.0,-0.3569381535053253,3.0,2.5,2,1,5.0,3332,42495.0,Detached,Excellent,1.5,1,1,1,1829,,Detached,1653000.0,Good,"The candidate property at 401 Viewmount Dr received a lower score compared to the subject due to its larger square footage (gla_diff = 1503.0, SHAP -0.34) and the absolute difference in room count (abs_room_count_diff = 3.0, SHAP -0.09). However, the model found the candidate to be more similar in terms of effective age (effective_age_diff = -53.0, SHAP +0.58) and the difference in the number of rooms (room_count_diff = 3.0, SHAP +0.41), which positively contributed to its score."
4762597,930 Amberdale Cres,1,142-950 Oakview Ave Kingston ON K7M 6W8,-0.5,-1.0,,0.0,0.0,-24.0,0.0,,0.0,0.0,,1.0,0.5,1.0,,0.0,0.0,24.0,0.0,,0.0,0.15,1.0,0.0,3.9300100803375244,1.0,1.5,1,1,3.0,1044,,Townhouse,Average,2.0,2,0,3,1044,,Townhouse,378900.0,Superior,"The candidate property at 930 Amberdale Cres received a high similarity score mainly due to its identical room count and bedrooms compared to the subject property, which had a positive impact on the score. Additionally, the slightly lower effective age of the candidate property compared to the subject also contributed positively to its similarity score, despite the age difference."
4762597,771 Ashwood Dr,1,142-950 Oakview Ave Kingston ON K7M 6W8,0.5,0.0,,0.0,0.0,-24.0,0.0,,0.0,0.0,,1.0,0.5,0.0,,0.0,0.0,24.0,0.0,,0.0,0.02,1.0,1.0,3.6911747455596924,2.0,1.5,1,1,3.0,1044,,Townhouse,Average,1.0,1,0,3,1044,,Townhouse,327000.0,Inferior,"The candidate property at 771 Ashwood Dr received a higher score due to its similarity in room count and number of bedrooms compared to the subject property. Additionally, despite being 24 years older than the subject, its effective age contributed positively to the similarity score. However, the fact that it was sold recently had a slightly negative impact on its similarity score."
4762597,995 Amberdale Cres,1,142-950 Oakview Ave Kingston ON K7M 6W8,-0.5,-1.0,,0.0,0.0,-24.0,0.0,,0.0,0.0,,1.0,0.5,1.0,,0.0,0.0,24.0,0.0,,0.0,0.09,1.0,1.0,3.6911747455596924,3.0,1.5,1,1,3.0,1044,,Townhouse,Average,2.0,2,0,3,1044,,Townhouse,315000.0,Inferior,"The candidate property at 995 Amberdale Cres received a higher similarity score due to its identical room count and number of bedrooms compared to the subject property. Additionally, despite being 24 years younger in effective age, the model still found it to be a good match. However, the fact that the candidate property was sold recently slightly decreased its similarity score, as indicated by the negative SHAP impact."
4762739,64 Deermist Dr,1,7180 207 HWY Halifax NS B0J2L0,0.5,0.0,,0.0,0.0,-1.0,3.0,,-102.0,34.0,,0.0,0.5,0.0,,0.0,0.0,1.0,3.0,,102.0,3.73,1.0,0.0,3.6926403045654297,1.0,2.5,2,1,3.0,1500,,Detached,Average,2.0,2,0,3,1602,,Detached,800000.0,Similar,"The candidate property at 64 Deermist Dr received a relatively high score due to its similarity in room count and number of bedrooms to the subject property. Additionally, the slightly lower effective age compared to the subject contributed positively to the score. However, the relatively higher GLA (gross living area) per bedroom and the absolute difference in effective age had a slightly negative impact on the similarity score. Overall, the model ranked this candidate property as more comparable primarily due to its similar room count, number of bedrooms, and effective age."
4762739,270 Quinlan Dr,1,7180 207 HWY Halifax NS B0J2L0,0.5,0.0,,1.0,1.0,-2.0,2.0,,-162.0,331.0,,1.0,0.5,0.0,,1.0,1.0,2.0,2.0,,162.0,17.33,1.0,0.0,3.670814037322998,2.0,2.5,2,1,3.0,1500,,Detached,Average,2.0,2,0,2,1662,,Detached,829900.0,Good,"The candidate property at 270 Quinlan Dr received a relatively high score of 3.67 due to its positive similarity in room count and bedrooms compared to the subject property. Additionally, the model deemed the candidate as more comparable because it was effectively 2 years younger than the subject, further contributing to its higher ranking."
4762739,85 Oceanic Dr,1,7180 207 HWY Halifax NS B0J2L0,0.5,0.0,,0.0,0.0,-1.0,3.0,,-600.0,200.0,,1.0,0.5,0.0,,0.0,0.0,1.0,3.0,,600.0,8.98,1.0,0.0,3.454763889312744,3.0,2.5,2,1,3.0,1500,,Detached,Average,2.0,2,0,3,2100,,Detached,950000.0,Good,"The candidate property at 85 Oceanic Dr received a higher score due to its identical room count and bedroom count, which positively influenced the similarity score. Additionally, the slightly lower effective age compared to the subject property further increased its similarity score. However, the absolute difference in effective age and the larger difference in gross living area had a slightly negative impact on the similarity score."
4763065,3219 Roseville Rd,1,11 PAUL AVE Ayr ON N0B1E0,-0.5,-1.0,,1.0,0.0,14.0,41.0,9036.0,60.0,15.0,0.1152549582859682,1.0,0.5,1.0,,1.0,0.0,14.0,41.0,9036.0,60.0,0.5,1.0,0.0,1.9162845611572266,1.0,2.5,2,1,4.0,3000,20174.0,Detached,Average,3.0,3,0,4,2940,11138.0,Detached,1130000.0,Superior,"The model ranked the candidate property as more comparable due to its similar room count, bedrooms, and effective age compared to the subject property. However, the model found the candidate less comparable due to its larger absolute age difference, higher lot utility difference, and greater difference in gross living area per bedroom, which affected the overall score."
4763065,6 Marshall Ave,1,11 PAUL AVE Ayr ON N0B1E0,0.5,0.0,,1.0,0.0,-43.0,-16.0,5058.0,997.0,249.25,0.0161976554177124,1.0,0.5,0.0,,1.0,0.0,43.0,16.0,5058.0,997.0,0.31,1.0,1.0,1.575104832649231,2.0,2.5,2,1,4.0,3000,20174.0,Detached,Average,2.0,2,0,4,2003,15116.0,Detached,1150000.0,Superior,"The model ranked the candidate property at 6 Marshall Ave as relatively similar to the subject due to its similar room count and bedroom count. Additionally, the candidate's effective age being significantly lower than the subject's contributed to its similarity. However, the larger difference in gross living area (GLA) and absolute GLA, along with the candidate property being sold more recently, decreased its similarity score."
4763065,13 James Crt,1,11 PAUL AVE Ayr ON N0B1E0,0.5,0.0,,2.0,1.0,-25.0,2.0,-9026.0,635.0,38.33333333333337,0.067713104891553,0.0,0.5,0.0,,2.0,1.0,25.0,2.0,9026.0,635.0,23.23,1.0,1.0,0.9047784805297852,3.0,2.5,2,1,4.0,3000,20174.0,Detached,Average,2.0,2,0,3,2365,29200.0,Detached,1220000.0,Average,"The model ranked the candidate property at 13 James Crt as more comparable to the subject at 11 PAUL AVE due to having 2 more rooms, 1 more bedroom, and being 25 years older, which increased the similarity score. However, the larger difference in gross living area (635 sq. ft.), absolute gross living area, and recent sale negatively impacted the score, resulting in a final similarity score of 0.90."
4763086,36 Stonewalk Dr,1,102 Stonewalk Dr Kemptville ON K0G 1J0,0.5,1.0,,-1.0,-1.0,-3.0,0.0,436.0,-327.0,104.83333333333336,0.0062441853067852,1.0,0.5,1.0,,1.0,1.0,3.0,0.0,436.0,327.0,0.53,1.0,0.0,3.485999345779419,1.0,3.0,3,0,2.0,1283,54450.0,Detached,Good,2.5,2,1,3,1610,54014.0,Detached,855000.0,Inferior,"The model ranked the property at 36 Stonewalk Dr as more comparable to the subject at 102 Stonewalk Dr due to a lower room count difference of -1.0 (SHAP +0.19), a lower bedrooms difference of -1.0 (SHAP +0.03), and a larger effective age difference of -3.0 (SHAP +0.46). These factors contributed positively to the similarity score, indicating a closer match in terms of room count, bedrooms, and effective age."
4763086,48 Stonewalk Dr,1,102 Stonewalk Dr Kemptville ON K0G 1J0,1.0,1.0,,-1.0,-1.0,3.0,6.0,-26136.0,-288.0,117.83333333333336,0.0040682004318367,1.0,1.0,1.0,,1.0,1.0,3.0,6.0,26136.0,288.0,0.78,1.0,1.0,2.679575204849243,2.0,3.0,3,0,2.0,1283,54450.0,Detached,Good,2.0,2,0,3,1571,80586.0,Detached,812000.0,Inferior,"The candidate property at 48 Stonewalk Dr scored higher due to its effective age being 3 years newer than the subject, which had a positive impact of 0.26. Additionally, the lower room count and bedroom count, each differing by -1, also contributed positively with impacts of 0.12 and 0.01, respectively. However, the fact that the candidate property was sold recently, indicated by a value of 1, had a slightly negative impact of -0.01, slightly reducing its similarity to the subject."
4763086,56 Stonewalk Dr,1,102 Stonewalk Dr Kemptville ON K0G 1J0,-1.0,-1.0,,-3.0,-3.0,-39.0,-36.0,-32670.0,-693.0,246.3,0.0008815426997245,0.0,1.0,1.0,,3.0,3.0,39.0,36.0,32670.0,693.0,0.99,1.0,1.0,2.4786789417266846,3.0,3.0,3,0,2.0,1283,54450.0,Detached,Good,4.0,4,0,5,1976,87120.0,Detached,920000.0,Similar,"The candidate property at 56 Stonewalk Dr was considered more comparable to the subject at 102 Stonewalk Dr due to its lower effective age, subject age, and gross living area compared to the subject, which all positively contributed to its similarity score. However, the lower room count and bedroom count of the candidate property compared to the subject had a negative impact on its similarity score, indicating a less favorable match in these aspects."
4763087,210-40 Regency Park Dr,1,407 105 Dunbrack St Halifax NS B3M3G7,0.0,0.0,,0.0,1.0,-10.0,22.0,,-23.0,266.5,,0.0,0.0,0.0,,0.0,1.0,10.0,22.0,,23.0,1.43,1.0,1.0,3.4918103218078613,1.0,2.0,2,0,3.0,1530,,Condominium,Average,2.0,2,0,2,1553,,Condominium,475000.0,Similar,"The model ranked the candidate property as more comparable to the subject due to its identical room count and a lower effective age compared to the subject. Additionally, the candidate property being older than the subject contributed positively to the similarity score. However, the model found the difference in the number of bedrooms and the fact that the candidate property was sold recently to make it less similar to the subject, albeit to a lesser extent."
4763087,313-79 Bedros Lane,1,407 105 Dunbrack St Halifax NS B3M3G7,0.0,0.0,,0.0,0.0,-4.0,28.0,,47.0,15.666666666666686,,1.0,0.0,0.0,,0.0,0.0,4.0,28.0,,47.0,4.97,1.0,0.0,2.9394004344940186,2.0,2.0,2,0,3.0,1530,,Condominium,Average,2.0,2,0,3,1483,,Condominium,520000.0,Superior,"The candidate property was considered more similar to the subject property due to having the same room count, bedroom count, and a slightly lower effective age, which positively influenced its score. However, the candidate property was deemed less similar due to a larger absolute age difference and a higher gross living area per bedroom, which had a negative impact on its similarity score."
4763087,801-105 Dunbrack St,1,407 105 Dunbrack St Halifax NS B3M3G7,1.0,1.0,,1.0,1.0,-32.0,0.0,,482.0,14.0,,1.0,1.0,1.0,,1.0,1.0,32.0,0.0,,482.0,0.0,1.0,1.0,1.462079644203186,3.0,2.0,2,0,3.0,1530,,Condominium,Average,1.0,1,0,2,1048,,Condominium,380000.0,Inferior,"The candidate property was ranked as more comparable due to having an additional room and bedroom compared to the subject, which positively influenced the score. Additionally, despite being 32 years older, the effective age of the candidate property still contributed positively to the similarity score. However, the larger difference in gross living area (482 sq. ft) and absolute gross living area had a negative impact, as did the fact that it was sold recently."
4763606,21-4552 Portage Rd,1,60 Keystone Trail Welland ON L3B0N8,0.0,0.0,0.0,0.0,0.0,,,,34.0,8.5,,1.0,0.0,0.0,0.0,0.0,0.0,,,,34.0,19.68,1.0,1.0,0.3407410979270935,1.0,2.5,2,1,4.0,1634,,Townhouse,Good,2.5,2,1,4,1600,,Townhouse,655000.0,Inferior,"The model ranked the candidate property as more comparable due to its identical room count and bedroom count, which had the most significant positive impact on the score (SHAP +0.41 and +0.02, respectively). Additionally, the slightly smaller size of the candidate property (34 sq. ft. less than the subject) still contributed positively to the similarity score (SHAP +0.30). However, the lack of data for effective_age_diff, subject_age_diff, and abs_effective_age_diff resulted in a lower similarity score, indicating that the model could not factor in the age-related differences between the properties."
4763606,1-150 Broadway,1,60 Keystone Trail Welland ON L3B0N8,0.0,0.0,0.0,2.0,1.0,,,,234.0,58.166666666666686,,1.0,0.0,0.0,0.0,2.0,1.0,,,,234.0,1.06,1.0,1.0,-0.20997737348079681,2.0,2.5,2,1,4.0,1634,,Townhouse,Good,2.5,2,1,3,1400,,Townhouse,520000.0,Inferior,"The model ranked the candidate property at 1-150 Broadway as somewhat comparable to the subject at 60 Keystone Trail due to the similar room count, bedrooms, and gross living area (GLA). The positive SHAP values for room_count_diff, bedrooms_diff, and gla_diff indicate that these features made the candidate property more similar to the subject. However, the presence of missing values for effective_age_diff, subject_age_diff, and abs_effective_age_diff resulted in negative SHAP values, indicating that the lack of data for these features made the candidate property less similar to the subject."
4763606,14-96 Welland Rd,1,60 Keystone Trail Welland ON L3B0N8,0.0,0.0,0.0,2.0,1.0,,,,-41.0,149.83333333333337,,1.0,0.0,0.0,0.0,2.0,1.0,,,,41.0,6.03,1.0,1.0,-1.0758079290390015,3.0,2.5,2,1,4.0,1634,,Townhouse,Good,2.5,2,1,3,1675,,Townhouse,715000.0,Superior,"The model ranked the candidate property as less comparable due to the absence of data for the effective age, subject age, and absolute effective age differences, which had a significant negative impact on the score (-0.73, -0.38, and -0.15 SHAP values, respectively). However, the higher room count and bedrooms count, along with a slightly smaller difference in gross living area, positively contributed to making the candidate property more similar to the subject property."
4763898,13 Chestnut Lane,1,70 Joffre St Dartmouth NS B2Y3C9,0.5,0.0,,1.0,-1.0,-64.0,6.0,,166.0,250.33333333333331,,1.0,0.5,0.0,,1.0,1.0,64.0,6.0,,166.0,0.67,1.0,0.0,3.94075345993042,1.0,1.5,1,1,2.0,1170,7541.0,Detached,Average,1.0,1,0,3,1004,,Detached,431000.0,Superior,"The model ranked the candidate property at 13 Chestnut Lane as more comparable to the subject due to its similar room count (+0.53) and a slightly lower number of bedrooms (+0.02), which both positively influenced the score. Additionally, the significantly lower effective age of the candidate property compared to the subject (+0.63) further contributed to its favorable ranking."
4763898,9 Chittick Ave,1,70 Joffre St Dartmouth NS B2Y3C9,0.5,0.0,,0.0,-1.0,-55.0,15.0,,-133.0,150.66666666666669,,1.0,0.5,0.0,,0.0,1.0,55.0,15.0,,133.0,1.12,1.0,1.0,3.7709994316101074,2.0,1.5,1,1,2.0,1170,7541.0,Detached,Average,1.0,1,0,3,1303,,Detached,547500.0,Superior,"The candidate property at 9 Chittick Ave was ranked as more comparable to the subject property at 70 Joffre St due to its similar room count and effective age, which had positive impacts on the score. However, the lower number of bedrooms and the fact that it was sold recently had a slight negative impact on the similarity score."
4763898,27 Cranston Ave,1,70 Joffre St Dartmouth NS B2Y3C9,0.5,0.0,,0.0,-1.0,-44.0,26.0,,-45.0,180.0,,1.0,0.5,0.0,,0.0,1.0,44.0,26.0,,45.0,0.67,1.0,1.0,3.392498016357422,3.0,1.5,1,1,2.0,1170,7541.0,Detached,Average,1.0,1,0,3,1215,,Detached,441200.0,Inferior,"The model ranked the candidate property at 27 Cranston Ave as more comparable to the subject due to its similar room count and effective age, which had positive SHAP impacts of +0.49 and +0.64, respectively. However, the model considered the fact that the candidate property was sold recently as a dissimilarity, resulting in a slightly lower score with a SHAP impact of -0.01."
4764028,2 Brigadier Pvt,1,2 Forsey St Ottawa ON K1N7X7,0.5,0.0,,1.0,1.0,-8.0,7.0,-2074.0,-1.0,304.16666666666663,1.3892797319933,1.0,0.5,0.0,,1.0,1.0,8.0,7.0,2074.0,1.0,0.8,1.0,0.0,3.223601818084717,1.0,2.5,2,1,3.0,1822,911.0,Townhouse,Average,2.0,2,0,2,1823,2985.0,Townhouse,922500.0,Inferior,"The candidate property at 2 Brigadier Pvt received a higher score due to its similarity in room count (+0.56), effective age (-8.0 years, +0.61), and subject age (+7.0 years, +0.50) to the subject property. However, the model found it slightly less comparable due to a difference in bedrooms (−0.00) and lot utility (1.389, −0.10). Overall, the model sees the candidate as a relatively good match, with the positive impact of room count and age similarities outweighing the minor differences in bedrooms and lot utility."
4764028,383 Daly Ave,1,2 Forsey St Ottawa ON K1N7X7,-1.0,-1.0,0.0,-2.0,-2.0,-138.0,-123.0,-1538.0,-1514.0,59.866666666666674,0.6378113515720703,0.0,1.0,1.0,0.0,2.0,2.0,138.0,123.0,1538.0,1514.0,0.91,1.0,1.0,1.243306279182434,2.0,2.5,2,1,3.0,1822,911.0,Townhouse,Average,3.5,3,1,5,3336,2449.0,Townhouse,1247000.0,Similar,"The candidate property at 383 Daly Ave received a relatively high score compared to the subject at 2 Forsey St due to its lower effective age and greater absolute bathroom score, which significantly contributed to its similarity. Additionally, the smaller size (GLA) and fewer rooms and bedrooms compared to the subject slightly decreased its similarity score."
4764028,366 Bruyère St,1,2 Forsey St Ottawa ON K1N7X7,0.5,0.0,,0.0,0.0,-98.0,-83.0,-310.0,240.0,80.0,0.7043407043407044,1.0,0.5,0.0,,0.0,0.0,98.0,83.0,310.0,240.0,0.01,1.0,1.0,-0.872887372970581,3.0,2.5,2,1,3.0,1822,911.0,Townhouse,Average,2.0,2,0,3,1582,1221.0,Townhouse,1194900.0,Superior,"The candidate property at 366 Bruyère St was rated as less comparable due to its subject_age_diff of -83 years, indicating it is significantly older than the subject property. However, it was rated as more similar due to its effective_age_diff of -98 years, suggesting that despite being older, it has been effectively maintained or renovated, making it a better match in terms of condition and modernization."
4764094,18 Becks Way,1,40 Bellroyal Crt Cole Harbour NS B2V 2B4,0.0,0.0,0.0,-1.0,0.0,-27.0,1.0,,-552.0,184.0,,1.0,0.0,0.0,0.0,1.0,0.0,27.0,1.0,,552.0,0.23,1.0,0.0,3.8242619037628174,1.0,2.5,2,1,3.0,1746,6825.0,Detached,Average,2.5,2,1,3,2298,,Detached,662000.0,Inferior,"The candidate property at 18 Becks Way was ranked as more comparable to the subject property due to its lower effective age, with a SHAP impact score of +0.41, and a slightly lower room count, with a SHAP impact score of +0.15. However, the larger absolute gross living area difference of 552 square feet resulted in a slightly lower similarity score, with a SHAP impact score of -0.02."
4764094,38 Deerbrooke Dr,1,40 Bellroyal Crt Cole Harbour NS B2V 2B4,1.0,1.0,0.0,1.0,0.0,-33.0,-5.0,,58.0,19.33333333333337,,0.0,1.0,1.0,0.0,1.0,0.0,33.0,5.0,,58.0,1.03,1.0,0.0,3.635875701904297,2.0,2.5,2,1,3.0,1746,6825.0,Detached,Average,1.5,1,1,3,1688,,Detached,620000.0,Similar,"The candidate property at 38 Deerbrooke Dr was considered more comparable to the subject property at 40 Bellroyal Crt due to having one additional room and a similar number of bedrooms, which contributed positively to its score. Additionally, despite being 33 years younger in effective age, the model also saw this as a positive similarity. However, the higher gross living area (GLA) per bedroom in the candidate property compared to the subject had a slight negative impact on the similarity score."
4764094,123 Crestwood Pl,1,40 Bellroyal Crt Cole Harbour NS B2V 2B4,0.0,0.0,0.0,-1.0,-1.0,-24.0,4.0,,-354.0,57.0,,1.0,0.0,0.0,0.0,1.0,1.0,24.0,4.0,,354.0,0.38,1.0,1.0,2.6489360332489014,3.0,2.5,2,1,3.0,1746,6825.0,Detached,Average,2.5,2,1,4,2100,,Detached,703850.0,Superior,"The candidate property at 123 Crestwood Pl was ranked as more comparable to the subject property due to having one less room and bedroom, as well as being 24 years older, which positively influenced the similarity score. However, the larger absolute gross living area difference and recent sale of the candidate property had a slight negative impact on the similarity score."
4764103,138 Banff Rd,1,10 Crofton Rd Toronto ON M4G2B4,1.0,1.0,,0.0,-1.0,-66.0,3.0,1758.0,482.0,427.6666666666667,0.1448361649670898,0.0,1.0,1.0,,0.0,1.0,66.0,3.0,1758.0,482.0,1.27,1.0,0.0,2.5434510707855225,1.0,3.0,3,0,2.0,1602,3694.0,Detached,Average,2.0,2,0,3,1120,1936.0,Detached,1600000.0,Similar,"The candidate property at 138 Banff Rd was ranked as more comparable to the subject at 10 Crofton Rd due to its effective age being 66 years younger than the subject, and the subject's age being only 3 years older than the subject. These factors contributed positively to the similarity score. However, the candidate's fewer bedrooms, larger gross living area (GLA), and absolute GLA difference of 482 square feet compared to the subject had a negative impact on the similarity score, as indicated by their corresponding negative SHAP values."
4764103,142 Donlea Dr,1,10 Crofton Rd Toronto ON M4G2B4,1.0,1.0,,0.0,-1.0,-62.0,7.0,346.0,268.0,356.3333333333333,0.0352293977964201,1.0,1.0,1.0,,0.0,1.0,62.0,7.0,346.0,268.0,0.54,1.0,1.0,2.5044610500335693,2.0,3.0,3,0,2.0,1602,3694.0,Detached,Average,2.0,2,0,3,1334,3348.0,Detached,1520000.0,Inferior,"The candidate property at 142 Donlea Dr was considered more comparable to the subject at 10 Crofton Rd due to its similar room count and a slightly lower effective age. However, the model found the lower number of bedrooms and recent sale of the candidate property to make it slightly less similar to the subject. Overall, the combination of these factors resulted in the candidate property receiving a score of 2.50 when compared to the subject."
4764103,128 Donegall Dr,1,10 Crofton Rd Toronto ON M4G2B4,1.0,1.0,,-1.0,-1.0,-80.0,-11.0,1090.0,296.0,365.6666666666667,0.0678598665831668,0.0,1.0,1.0,,1.0,1.0,80.0,11.0,1090.0,296.0,0.64,1.0,1.0,1.9293723106384277,3.0,3.0,3,0,2.0,1602,3694.0,Detached,Average,2.0,2,0,3,1306,2604.0,Detached,1680000.0,Similar,"The candidate property at 128 Donegall Dr received a higher score due to its effective age being 80 years older than the subject property, which contributed significantly to its similarity. Additionally, the lower room count and bedroom count also positively influenced the similarity score. However, the recent sale of the candidate property and a slightly larger lot size compared to the subject had a slight negative impact on the similarity score."
4765154,1131 Wintergreen Cres,1,844 Cataraqui Woods Dr Kingston ON K7P2P7,-1.0,-1.0,0.0,-13.0,0.0,-21.0,0.0,407.0,-777.0,194.25,0.1339206032063175,0.0,1.0,1.0,0.0,13.0,0.0,21.0,0.0,407.0,777.0,0.45,1.0,1.0,1.4265265464782715,1.0,2.5,2,1,4.0,1840,7007.0,Detached,Average,3.5,3,1,4,2617,6600.0,Detached,757750.0,Average,"The candidate property received a higher score due to its effective age being 21 years younger than the subject, which had a positive SHAP impact of 0.59. Additionally, having the same number of bedrooms as the subject contributed positively with a SHAP impact of 0.17. However, the significant differences in room count and gross living area had a negative impact, resulting in a slightly lower overall score."
4765154,829 Larchwood Cres,1,844 Cataraqui Woods Dr Kingston ON K7P2P7,1.0,1.0,0.0,-2.0,0.0,-21.0,0.0,2012.0,108.0,27.0,0.0841521984379127,1.0,1.0,1.0,0.0,2.0,0.0,21.0,0.0,2012.0,108.0,0.16,1.0,1.0,1.380746603012085,2.0,2.5,2,1,4.0,1840,7007.0,Detached,Average,1.5,1,1,4,1732,4995.0,Detached,585000.0,Inferior,"The model ranked the candidate property at 829 Larchwood Cres as more comparable to the subject due to its similarity in effective age (being 21 years newer than the subject) and having the same number of bedrooms. However, the candidate was deemed less similar due to having 2 fewer rooms, a slightly different lot utility, and being sold more recently."
4765154,768 Cataraqui Woods Dr,1,844 Cataraqui Woods Dr Kingston ON K7P2P7,1.0,1.0,0.0,-3.0,1.0,-21.0,0.0,2553.0,619.0,53.0,0.011541060133016,1.0,1.0,1.0,0.0,3.0,1.0,21.0,0.0,2553.0,619.0,0.5,1.0,1.0,0.47442156076431274,3.0,2.5,2,1,4.0,1840,7007.0,Detached,Average,1.5,1,1,3,1221,4454.0,Detached,544000.0,Inferior,"The candidate property was considered more similar to the subject property due to having one more bedroom and being 21 years newer, which had the highest positive SHAP impacts of 0.16 and 0.59, respectively. However, the model found the candidate to be less similar primarily because it has 3 fewer rooms, a larger gross living area (619 sq. ft. more), and 3 more absolute room count, resulting in negative SHAP impacts of -0.16, -0.11, and -0.12, respectively."
4765502,6673 Riverview Line,1,6997 Creek Line Pain Court ON N0P1Z0,0.0,0.0,0.0,-1.0,1.0,-85.0,25.0,10460.0,145.0,105.41666666666664,15.279994839597489,1.0,0.0,0.0,0.0,1.0,1.0,85.0,25.0,10460.0,145.0,2.44,1.0,0.0,1.7088693380355835,1.0,1.5,1,1,4.0,1845,10570.0,Detached,Average,1.5,1,1,3,1700,110.0,Detached,490000.0,Superior,"The model ranked the candidate property as more comparable to the subject due to its significantly lower effective age (-85 years) and slightly lower room count (-1), both of which positively impacted the similarity score. However, the slightly higher number of bedrooms (1.0) and a larger lot utility difference (15.28) had a negative impact on the similarity score, indicating some dissimilarity in these aspects."
4765502,23805 Merlin Rd,1,6997 Creek Line Pain Court ON N0P1Z0,0.5,0.0,,-2.0,1.0,-6.0,104.0,10490.0,80.0,127.08333333333336,21.887949385052035,1.0,0.5,0.0,,2.0,1.0,6.0,104.0,10490.0,80.0,5.07,1.0,1.0,0.3492620587348938,2.0,1.5,1,1,4.0,1845,10570.0,Detached,Average,1.0,1,0,3,1765,80.0,Detached,354500.0,Inferior,"The candidate property at 23805 Merlin Rd was ranked as more comparable to the subject property due to its effective age being 6 years younger than the subject property, and having 1 more bedroom. However, the model found the candidate less comparable due to having 2 fewer rooms than the subject property and the subject property not having been sold recently."
4765502,6129 Seventh Line W,1,6997 Creek Line Pain Court ON N0P1Z0,-1.0,-1.0,0.0,-5.0,1.0,-60.0,50.0,10438.0,-19.0,160.08333333333337,13.946661506264157,1.0,1.0,1.0,0.0,5.0,1.0,60.0,50.0,10438.0,19.0,10.16,1.0,1.0,-0.30915167927742004,3.0,1.5,1,1,4.0,1845,10570.0,Detached,Average,2.5,2,1,3,1864,132.0,Detached,492500.0,Superior,"The candidate property was considered more similar due to its effective age being 60 years younger than the subject, and having one additional bedroom compared to the subject. However, the model found the candidate less comparable due to a larger difference in room count, where the candidate had 5 fewer rooms, and a higher absolute difference in effective age, which was 60 years."
4765899,1079 Greenwood Park Dr ,0,1753 Reginald Bart Dr Kingston ON K7K0E9,1.0,1.0,0.0,1.0,0.0,-13.0,-11.0,-4940.0,188.0,136.33333333333331,0.2786977366133758,1.0,1.0,1.0,0.0,1.0,0.0,13.0,11.0,4940.0,188.0,,1.0,1.0,2.102693796157837,1.0,3.5,3,1,3.0,1488,3685.0,Detached,Average,2.5,2,1,3,1300,8625.0,Detached,,Good,"The model ranked the candidate property higher due to its similar room count (+0.46), bedrooms (+0.11), and effective age (+0.60) compared to the subject property. However, the differences in absolute age (-0.02), recent sale (-0.01), and lot utility (-0.17) slightly decreased the similarity score. Overall, the candidate property was considered more comparable primarily because of its similar room count, bedrooms, and effective age."
4765899,63 Schooner Dr,1,1753 Reginald Bart Dr Kingston ON K7K0E9,0.5,0.0,,-7.0,0.0,-13.0,-11.0,-606.0,409.0,136.33333333333331,0.1523426489509614,0.0,0.5,0.0,,7.0,0.0,13.0,11.0,606.0,409.0,0.44,1.0,1.0,0.32113349437713623,2.0,3.5,3,1,3.0,1488,3685.0,Detached,Average,3.0,3,0,3,1079,4291.0,Detached,650000.0,Average,"The model ranked the candidate property at 63 Schooner Dr as more comparable to the subject property primarily due to its effective age and the similarity in subject and effective age differences, both contributing positively to the score. However, the discrepancy in room count and gross living area had a negative impact on the score, indicating a less favorable match in those aspects."
4765899,67 Schooner Dr,1,1753 Reginald Bart Dr Kingston ON K7K0E9,0.0,0.0,0.0,-9.0,-1.0,-13.0,-11.0,-606.0,-141.0,88.75,0.024167398426608,1.0,0.0,0.0,0.0,9.0,1.0,13.0,11.0,606.0,141.0,0.42,1.0,1.0,0.17194527387619019,3.0,3.5,3,1,3.0,1488,3685.0,Detached,Average,3.5,3,1,4,1629,4291.0,Detached,717000.0,Superior,"The candidate property at 67 Schooner Dr was ranked as more comparable to the subject at 1753 Reginald Bart Dr due to its lower effective age (-13.0, SHAP +0.77) and smaller size compared to the subject's GLA (-141.0, SHAP +0.43). However, the higher absolute difference in room count (9.0, SHAP -0.55) had a negative impact on the similarity score, leading to a final score of 0.17."
4765948,1-21 Cherry St,1,190 RIDEAU ST Kingston ON K7K3A3,0.5,0.0,,3.0,-2.0,-40.0,55.0,3039.0,-869.0,110.33333333333336,0.4738533525298231,1.0,0.5,0.0,,3.0,2.0,40.0,55.0,3039.0,869.0,0.72,1.0,0.0,1.7416512966156006,1.0,3.5,3,1,3.0,2131,6864.0,Triplex,Average,3.0,3,0,5,3000,3825.0,Triplex,764900.0,Superior,"The model ranked the candidate property at 1-21 Cherry St as more comparable to the subject at 190 RIDEAU ST due to its effective age being 40 years younger than the subject, and having 3 more rooms than the subject. However, the model found the candidate less comparable due to having 2 fewer bedrooms than the subject, and a larger absolute difference in room count and subject age."
4765948,46 York St,1,190 RIDEAU ST Kingston ON K7K3A3,1.5,1.0,,4.0,-1.0,-10.0,85.0,3552.0,131.0,210.33333333333337,0.2934043613391439,0.0,1.5,1.0,,4.0,1.0,10.0,85.0,3552.0,131.0,0.69,0.0,0.0,-2.75130033493042,2.0,3.5,3,1,3.0,2131,6864.0,Triplex,Average,2.0,2,0,4,2000,3312.0,Duplex,617500.0,Average,"The model ranked the candidate property at 46 York St as less comparable to the subject at 190 RIDEAU ST due to a higher absolute room count difference of 4.0 (SHAP -0.30) and a higher absolute bathroom score difference of 1.5 (SHAP -0.24). However, the effective age difference of -10.0 (SHAP +0.33) and the subject's age difference of 85.0 (SHAP +0.30) contributed positively to the similarity score, indicating a better match in terms of age."
4765948,275 Division St,1,190 RIDEAU ST Kingston ON K7K3A3,1.5,1.0,,4.0,-1.0,-70.0,25.0,4964.0,631.0,335.33333333333337,0.4790133112501533,1.0,1.5,1.0,,4.0,1.0,70.0,25.0,4964.0,631.0,0.87,0.0,1.0,-3.2049734592437744,3.0,3.5,3,1,3.0,2131,6864.0,Triplex,Average,2.0,2,0,4,1500,1900.0,Duplex,675000.0,Superior,"The candidate property at 275 Division St received a relatively low score compared to the subject due to its larger size (631 sq. ft. higher GLA) and higher absolute bathroom score compared to the subject, which made it less similar. However, its significantly lower effective age (-70 years) and higher room count (4 more rooms) increased its similarity to the subject in the model's evaluation."
4766326,1035 Connery Ave,1,1004 Connery Ave Ottawa ON K1G2P1,-1.0,-1.0,,0.0,0.0,-34.0,0.0,3098.0,0.0,0.0,0.0771900317685702,0.0,1.0,1.0,,0.0,0.0,34.0,0.0,3098.0,0.0,0.13,1.0,1.0,3.4253973960876465,1.0,1.0,1,0,3.0,1109,8398.0,Detached,Average,2.0,2,0,3,1109,5300.0,Detached,550000.0,Similar,"The candidate property at 1035 Connery Ave was considered more similar to the subject due to having the same number of rooms and bedrooms, which had a positive impact on the score. Additionally, despite being older by 34 years, the effective age difference still contributed positively to the similarity score. However, the fact that the candidate property was sold recently and had a slightly different lot utility compared to the subject had a negative impact on the similarity score, placing it at 3.43."
4766326,816 Dickens Ave,1,1004 Connery Ave Ottawa ON K1G2P1,-1.0,-1.0,,0.0,0.0,-35.0,-1.0,1390.0,-204.0,68.0,0.0553020546857753,0.0,1.0,1.0,,0.0,0.0,35.0,1.0,1390.0,204.0,0.68,1.0,0.0,3.404674530029297,2.0,1.0,1,0,3.0,1109,8398.0,Detached,Average,2.0,2,0,3,1313,7008.0,Detached,615000.0,Average,"The model ranked the candidate property at 816 Dickens Ave as more comparable to the subject at 1004 Connery Ave due to its identical room count and bedrooms, which had a positive impact on the score (SHAP +0.37 and +0.13, respectively). Additionally, the candidate's effective age being 35 years older than the subject had a positive impact as well (SHAP +0.52). However, the slightly larger lot size of the candidate property compared to the subject had a negative impact on the score (SHAP -0.16), making the candidate slightly less similar overall."
4766326,826 Hamlet Rd,1,1004 Connery Ave Ottawa ON K1G2P1,-0.5,0.0,,0.0,0.0,-39.0,-5.0,3359.0,-95.0,31.66666666666663,0.1068810456340047,1.0,0.5,0.0,,0.0,0.0,39.0,5.0,3359.0,95.0,0.91,1.0,1.0,2.3424570560455322,3.0,1.0,1,0,3.0,1109,8398.0,Detached,Average,1.5,1,1,3,1204,5039.0,Detached,656000.0,Superior,"The model ranked the candidate property at 826 Hamlet Rd as relatively comparable to the subject property at 1004 Connery Ave based on its similar room count and bedroom count. Additionally, despite the significant age difference, the model still found the effective age to be a positive factor. However, the recent sale of the candidate property and differences in lot utility and GLA per bedroom made it slightly less comparable."
4766430,92 Forestside Cres,1,96 Forestside Cres Halifax NS B3M1M4,0.0,0.0,0.0,1.0,0.0,-40.0,0.0,,0.0,0.0,,1.0,0.0,0.0,0.0,1.0,0.0,40.0,0.0,,0.0,0.01,1.0,1.0,3.3821563720703125,1.0,1.5,1,1,3.0,1386,,Condominium,Average,1.5,1,1,3,1386,,Condominium,405000.0,Inferior,"The model ranked the candidate property at 92 Forestside Cres as more comparable to the subject due to its similar room count and bedroom count, which had positive SHAP values of 0.37 and 0.14, respectively. Additionally, the lower effective age difference of -40 years contributed positively with a SHAP value of 0.44. However, the recent sale of the candidate property had a slightly negative impact on the score, with a SHAP value of -0.01, indicating a slight dissimilarity."
4766430,238 Willett St,1,96 Forestside Cres Halifax NS B3M1M4,0.0,0.0,0.0,0.0,-1.0,-35.0,5.0,,20.0,120.5,,1.0,0.0,0.0,0.0,0.0,1.0,35.0,5.0,,20.0,0.3,1.0,0.0,3.254129409790039,2.0,1.5,1,1,3.0,1386,,Condominium,Average,1.5,1,1,4,1366,,Condominium,450000.0,Superior,"The candidate property at 238 Willett St was ranked as more comparable to the subject at 96 Forestside Cres due to its identical room count, and despite having one less bedroom, the significantly lower effective age of -35 years contributed to its higher similarity score, according to the model's interpretation of the features."
4766430,75 Forestside Cres,1,96 Forestside Cres Halifax NS B3M1M4,0.0,0.0,0.0,1.0,-1.0,-40.0,0.0,,0.0,115.5,,1.0,0.0,0.0,0.0,1.0,1.0,40.0,0.0,,0.0,0.07,1.0,1.0,3.1414332389831543,3.0,1.5,1,1,3.0,1386,,Condominium,Average,1.5,1,1,4,1386,,Condominium,433000.0,Superior,"The candidate property at 75 Forestside Cres was ranked more comparable to the subject at 96 Forestside Cres mainly due to its effective age being 40 years newer, positively impacting the similarity score by 0.44. Additionally, having one more room than the subject also contributed positively to the similarity score by 0.41. However, the fact that the candidate property was sold recently had a slight negative impact of -0.01 on the similarity score."
4767066,1112-730 2 Ave SW,1,1606-730 2 Ave SW Calgary AB T2P 1R8,0.0,0.0,,-1.0,0.0,,0.0,,10.0,10.0,,0.0,0.0,0.0,,1.0,0.0,,0.0,,10.0,0.0,1.0,1.0,3.5835201740264893,1.0,1.0,1,0,1.0,522,,High Rise Apartment,Good,1.0,1,0,1,512,,High Rise Apartment,405000.0,Similar,"The model ranked the candidate property as more similar to the subject primarily because they have the same number of rooms and bedrooms, and the subject and candidate properties have the same age. However, the candidate property was ranked as less similar due to the lack of data on effective age and the fact that it was sold recently, which impacted the score negatively."
4767066,2104-930 16 Ave SW,1,1606-730 2 Ave SW Calgary AB T2P 1R8,0.0,0.0,,-1.0,0.0,,-5.0,,-31.0,31.0,,1.0,0.0,0.0,,1.0,0.0,,5.0,,31.0,1.57,1.0,1.0,3.0340185165405273,2.0,1.0,1,0,1.0,522,,High Rise Apartment,Good,1.0,1,0,1,553,,High Rise Apartment,412500.0,Inferior,"The model ranked the candidate property as more comparable due to having one less room and being 5 years younger than the subject, resulting in positive SHAP scores of 0.13 and 0.78, respectively. However, the presence of missing values for effective_age_diff and abs_effective_age_diff, along with the property being sold recently, contributed to the candidate being less similar, with negative SHAP scores of -0.19 and -0.01."
4767066,1606-108 Waterfront Crt SW,1,1606-730 2 Ave SW Calgary AB T2P 1R8,0.0,0.0,,-1.0,0.0,,-6.0,,-36.0,36.0,,1.0,0.0,0.0,,1.0,0.0,,6.0,,36.0,0.83,1.0,1.0,2.811497449874878,3.0,1.0,1,0,1.0,522,,High Rise Apartment,Good,1.0,1,0,1,558,,High Rise Apartment,385000.0,Inferior,"The model ranked the candidate property as more comparable to the subject due to its slightly lower room count and the subject being older by 6 years, which both had positive impacts on the similarity score. However, the candidate's effective age and absolute effective age were not available, resulting in negative impacts on the similarity score, along with the candidate being sold recently."
4768014,2402 Regatta Ave,1,45 Clonfadda Terr Nepean ON K2J 6E9,0.0,0.0,0.0,0.0,0.0,-11.0,-8.0,467.0,-386.0,128.66666666666674,0.2213569935664886,1.0,0.0,0.0,0.0,0.0,0.0,11.0,8.0,467.0,386.0,1.52,1.0,1.0,3.2908029556274414,1.0,3.5,3,1,3.0,1607,3253.0,Detached,Average,3.5,3,1,3,1993,2786.0,Detached,779000.0,Inferior,"The model ranked the candidate property at 2402 Regatta Ave as more comparable to the subject at 45 Clonfadda Terr due to their identical room count and bedrooms, which both positively influenced the score. Additionally, the candidate's lower effective age compared to the subject further increased its similarity score. However, the recent sale of the candidate property and a slightly different lot utility compared to the subject slightly reduced its similarity score."
4768014,111 Damselfly Way,1,45 Clonfadda Terr Nepean ON K2J 6E9,1.0,1.0,0.0,-1.0,0.0,-4.0,-1.0,325.0,-312.0,104.0,0.1613906415095607,0.0,1.0,1.0,0.0,1.0,0.0,4.0,1.0,325.0,312.0,0.51,1.0,1.0,3.150710344314575,2.0,3.5,3,1,3.0,1607,3253.0,Detached,Average,2.5,2,1,3,1919,2928.0,Detached,750000.0,Similar,"The candidate property at 111 Damselfly Way was considered more comparable to the subject property due to its slightly lower room count and effective age, as indicated by SHAP values of +0.10 and +0.49, respectively. However, the model found the property less similar due to its recent sale and a slightly larger lot utility difference, resulting in SHAP values of -0.01 and -0.18, respectively."
4768014,328 Appalachian Cir,1,45 Clonfadda Terr Nepean ON K2J 6E9,1.0,1.0,0.0,0.0,0.0,3.0,6.0,813.0,-139.0,46.33333333333337,0.221568237137976,0.0,1.0,1.0,0.0,0.0,0.0,3.0,6.0,813.0,139.0,1.22,1.0,1.0,2.8515048027038574,3.0,3.5,3,1,3.0,1607,3253.0,Detached,Average,2.5,2,1,3,1746,2440.0,Detached,715000.0,Similar,"The candidate property at 328 Appalachian Cir was ranked as more comparable to the subject property due to its similar room count, bedroom count, and effective age. However, the model found it less comparable due to the fact that it was sold recently, had a slightly different lot utility, and a higher GLA per bedroom compared to the subject property."
4768037,1105 Haist Street,1,31 YOUNG ST Welland ON L3B4C5,0.0,0.0,,3.0,3.0,-66.0,19.0,-5548.0,793.0,96.92857142857144,0.2634993800371977,0.0,0.0,0.0,,3.0,3.0,66.0,19.0,5548.0,793.0,5.44,1.0,0.0,2.1428263187408447,1.0,2.0,2,0,7.0,2755,6452.0,Duplex,Average,2.0,2,0,4,1962,12000.0,Duplex,645000.0,Similar,"The model ranked the candidate property at 1105 Haist Street as more comparable to the subject due to having a higher effective age difference of -66 years, which positively impacted the similarity score by 1.18. However, the larger gross living area difference of 793 square feet had a negative impact, lowering the similarity score by 0.33. The higher room count and bedrooms difference also contributed positively to the score, indicating a relatively good match in terms of those features."
4768037,226 Kent St,1,31 YOUNG ST Welland ON L3B4C5,0.0,0.0,,3.0,3.0,-75.0,10.0,1652.0,570.0,152.67857142857144,0.0282089532961355,0.0,0.0,0.0,,3.0,3.0,75.0,10.0,1652.0,570.0,11.77,1.0,1.0,1.6140930652618408,2.0,2.0,2,0,7.0,2755,6452.0,Duplex,Average,2.0,2,0,4,2185,4800.0,Duplex,573000.0,Similar,"The candidate property at 226 Kent St was ranked higher due to its effective age being 75 years younger than the subject property, which had a positive SHAP impact of +0.93. Additionally, the higher room count and number of bedrooms, with positive SHAP impacts of +0.43 and +0.14 respectively, also contributed to the higher similarity score. However, the larger gross living area (GLA) difference and absolute room count difference, with negative SHAP impacts of -0.28 and -0.10, decreased the similarity score."
4768037,168 Windsor St,1,31 YOUNG ST Welland ON L3B4C5,0.0,0.0,,2.0,2.0,-8.0,77.0,3252.0,701.0,17.228571428571456,0.2148756199628022,1.0,0.0,0.0,,2.0,2.0,8.0,77.0,3252.0,701.0,1.56,1.0,0.0,0.5772095322608948,3.0,2.0,2,0,7.0,2755,6452.0,Duplex,Average,2.0,2,0,5,2054,3200.0,Duplex,570000.0,Superior,"The candidate property at 168 Windsor St was ranked as more comparable to the subject property at 31 Young St due to its similar room count and bedroom count, which had the highest positive impact on the score. Additionally, the lower effective age difference also contributed positively to the similarity score. However, the larger difference in gross living area (GLA) and the absolute difference in GLA and age had a negative impact on the similarity score, indicating less similarity in these aspects."
4768126,550 Paine Ave,1,194 Calvington Ave Ottawa ON K2T0H9,0.0,0.0,0.0,0.0,0.0,-4.0,0.0,,-66.0,22.000000000000057,,0.0,0.0,0.0,0.0,0.0,0.0,4.0,0.0,,66.0,0.24,1.0,1.0,3.6488888263702393,1.0,2.5,2,1,3.0,1504,2899.0,Townhouse,Good,2.5,2,1,3,1570,,Townhouse,650000.0,Similar,"The model ranked the candidate property at 550 Paine Ave as more comparable to the subject at 194 Calvington Ave due to their similar room count, bedrooms, and the effective age of the properties. However, the recent sale of the candidate property and the difference in gross living area per bedroom made it slightly less comparable according to the model."
4768126,164 Calvington Ave,1,194 Calvington Ave Ottawa ON K2T0H9,0.0,0.0,0.0,-1.0,-1.0,-7.0,-3.0,,-326.0,43.833333333333314,,0.0,0.0,0.0,0.0,1.0,1.0,7.0,3.0,,326.0,0.11,1.0,1.0,2.6190128326416016,2.0,2.5,2,1,3.0,1504,2899.0,Townhouse,Good,2.5,2,1,4,1830,,Townhouse,706000.0,Similar,"The model ranked the candidate property as more comparable to the subject property due to similarities in room count, bedrooms, and effective age. However, the larger absolute gross living area difference and higher gross living area per bedroom difference made the candidate less comparable, resulting in its overall score of 2.62."
4768126,524 Paine Ave,1,194 Calvington Ave Ottawa ON K2T0H9,0.0,0.0,0.0,-2.0,-2.0,-5.0,-1.0,,-365.0,127.5333333333333,,0.0,0.0,0.0,0.0,2.0,2.0,5.0,1.0,,365.0,0.33,1.0,1.0,2.325610876083374,3.0,2.5,2,1,3.0,1504,2899.0,Townhouse,Good,2.5,2,1,5,1869,,Townhouse,676000.0,Similar,"The candidate property at 524 Paine Ave received a higher similarity score due to its effective age, subject age, and gross living area being notably closer to the subject property at 194 Calvington Ave. Despite these similarities, the lower room count and bedroom count of the candidate property compared to the subject caused the model to rate it slightly less comparable."
4768528,958 Socca Cres,1,710 Montrichard Rd Orléans ON K4A5R3,0.0,0.0,0.0,0.0,0.0,,,-802.0,-289.0,72.25,0.0516437101575021,0.0,0.0,0.0,0.0,0.0,0.0,,,802.0,289.0,0.27,1.0,1.0,1.8940328359603882,1.0,2.5,2,1,4.0,1643,2780.0,Townhouse,Good,2.5,2,1,4,1932,3582.0,Townhouse,705000.0,Similar,"The candidate property at 958 Socca Cres received a higher score due to its similarity in room count, bedrooms, and a slightly smaller difference in gross living area (GLA) compared to the subject property. However, the model found the lack of data for effective age, subject age, and absolute effective age differences to be dissimilarities, resulting in a lower score for comparability."
4768528,965 Linaria Walk,1,710 Montrichard Rd Orléans ON K4A5R3,0.0,0.0,0.0,1.0,1.0,,,115.0,92.0,106.25,0.0090184512802515,1.0,0.0,0.0,0.0,1.0,1.0,,,115.0,92.0,0.52,1.0,1.0,1.6403926610946655,2.0,2.5,2,1,4.0,1643,2780.0,Townhouse,Good,2.5,2,1,3,1551,2665.0,Townhouse,627500.0,Inferior,"The model ranked the candidate property at 965 Linaria Walk as more comparable to the subject property due to its larger size (gla_diff = 92.0, SHAP +0.22) and an identical absolute bathroom score (abs_bath_score_diff = 0.0, SHAP +0.76). However, it considered the difference in the number of bedrooms (bedrooms_diff = 1.0, SHAP -0.00) and the lack of data for effective and subject age differences (SHAP -0.43 and SHAP -0.26, respectively) as factors making the candidate less similar."
4768528,1059 Marchant Dr ,0,710 Montrichard Rd Orléans ON K4A5R3,0.0,0.0,0.0,2.0,1.0,,,-124.0,27.0,72.25,0.0742820619537427,1.0,0.0,0.0,0.0,2.0,1.0,,,124.0,27.0,,1.0,1.0,0.21422064304351807,3.0,2.5,2,1,4.0,1643,2780.0,Townhouse,Good,2.5,2,1,3,1616,2904.0,Townhouse,,Excellent,"The model ranked the candidate property as more comparable to the subject due to its higher room count, an additional bedroom, and slightly larger gross living area, all of which contributed positively to the similarity score. However, the lack of data for effective age and subject age led to a negative impact on the score, indicating a potential mismatch in these crucial features."
4769110,3882 Novalea Dr,1,5551 Sentinal Sq Halifax NS B3K4A8,0.0,0.0,,0.0,0.0,-36.0,0.0,,-264.0,88.0,,0.0,0.0,0.0,,0.0,0.0,36.0,0.0,,264.0,0.06,1.0,1.0,4.127904891967773,1.0,2.0,2,0,3.0,1236,,Condominium,Average,2.0,2,0,3,1500,,Condominium,434523.0,Average,"The candidate property at 3882 Novalea Dr received a higher similarity score primarily due to having the same number of rooms and bedrooms as the subject property, resulting in positive SHAP impacts of 0.31 and 0.15, respectively. Additionally, despite being 36 years older (effective_age_diff = -36.0), the model still considered it more comparable, with a positive SHAP impact of 0.63. However, the recent sale of the candidate property (sold_recently = 1.0) slightly reduced its similarity score with a small negative SHAP impact of -0.01."
4769110,3518 John Parr Dr,1,5551 Sentinal Sq Halifax NS B3K4A8,0.0,0.0,,0.0,0.0,-21.0,15.0,,86.0,28.66666666666669,,0.0,0.0,0.0,,0.0,0.0,21.0,15.0,,86.0,0.99,1.0,0.0,3.7668118476867676,2.0,2.0,2,0,3.0,1236,,Condominium,Average,2.0,2,0,3,1150,,Condominium,434500.0,Average,"The candidate property at 3518 John Parr Dr was ranked as more comparable to the subject at 5551 Sentinal Sq due to its identical room count and bedroom count, which had a positive impact on the score. Additionally, the candidate's effective age being 21 years younger than the subject also contributed positively. However, the model found the greater GLA (gross living area) per bedroom at the candidate property to be slightly dissimilar, leading to a slightly lower score."
4769110,5617 Carriageway Cres,1,5551 Sentinal Sq Halifax NS B3K4A8,0.0,0.0,,0.0,0.0,-32.0,4.0,,20.0,6.666666666666686,,0.0,0.0,0.0,,0.0,0.0,32.0,4.0,,20.0,0.14,1.0,1.0,3.6018314361572266,3.0,2.0,2,0,3.0,1236,,Condominium,Average,2.0,2,0,3,1216,,Condominium,465000.0,Average,"The candidate property was ranked as more comparable due to its similarity in room count, bedrooms, and effective age to the subject property, as indicated by their respective SHAP values of +0.38, +0.13, and +0.27. However, the fact that the candidate property was sold recently had a slight negative impact, resulting in a score of 3.60."
4769269,253 Queen Street,1,84339 Kent Line Brussels ON N0G1H0,0.0,0.0,,0.0,0.0,-11.0,-11.0,31799.0,133.0,66.5,0.0414272554721453,0.0,0.0,0.0,,0.0,0.0,11.0,11.0,31799.0,133.0,14.96,1.0,1.0,3.319645643234253,1.0,2.0,2,0,2.0,1700,53143.0,Detached,Average,2.0,2,0,2,1567,21344.0,Detached,825000.0,Average,"The model ranked the candidate property at 253 Queen Street as more comparable to the subject due to having the same number of rooms and bedrooms, as well as a lower effective age. However, the model found the absolute age difference, recent sale status, and lot utility difference to make the candidate less similar to the subject, resulting in a score of 3.32."
4769269,84343 Kent Line,1,84339 Kent Line Brussels ON N0G1H0,0.0,0.0,,0.0,0.0,-1.0,-1.0,0.0,-69.0,34.5,0.0012983836064956,0.0,0.0,0.0,,0.0,0.0,1.0,1.0,0.0,69.0,0.06,1.0,1.0,3.29512357711792,2.0,2.0,2,0,2.0,1700,53143.0,Detached,Average,2.0,2,0,2,1769,53143.0,Detached,1128000.0,Average,"The candidate property at 84343 Kent Line received a higher score due to its similarities in room count and bedrooms with the subject property. Additionally, the slight difference in effective age had a positive impact on the score. However, the model viewed the absolute effective age difference, recent sale status, and the difference in gross living area per bedroom as factors that made the candidate property less comparable to the subject."
4769269,234 Henry Street,1,84339 Kent Line Brussels ON N0G1H0,0.0,0.0,,0.0,-1.0,,,46609.0,20.0,290.0,0.2251274594335256,0.0,0.0,0.0,,0.0,1.0,,,46609.0,20.0,26.43,1.0,0.0,0.6652807593345642,3.0,2.0,2,0,2.0,1700,53143.0,Detached,Average,2.0,2,0,3,1680,6534.0,Detached,825720.0,Average,"The candidate property at 234 Henry Street received a higher score due to its identical room count, slightly smaller but comparable gross living area (GLA), and fewer bedrooms compared to the subject property. However, the presence of missing values for the age-related features (effective_age_diff, subject_age_diff, abs_effective_age_diff) led the model to deem the candidate less similar, resulting in a lower overall score."
4770115,13 Tilly Lane,1,224 Blackhorse Dr Kemptville ON K0G 1J0,0.0,0.0,,-1.0,-1.0,1.0,1.0,-41270.0,4.0,167.0,0.2410582227529809,0.0,0.0,0.0,,1.0,1.0,1.0,1.0,41270.0,4.0,7.73,1.0,1.0,3.1705479621887207,1.0,3.0,3,0,3.0,1992,7059.0,Detached,Good,3.0,3,0,4,1988,48329.0,Detached,1250000.0,Similar,"The model ranked the candidate property at 13 Tilly Lane as more comparable to the subject at 224 Blackhorse Dr due to its similar effective age (+0.16 SHAP) and slightly fewer rooms and bedrooms (+0.11 and +0.01 SHAP, respectively). However, the model found the candidate less comparable due to the higher lot utility difference (-0.07 SHAP) and the subject property selling more recently (-0.01 SHAP)."
4770115,189 Blackhorse Dr,1,224 Blackhorse Dr Kemptville ON K0G 1J0,0.0,0.0,,1.0,1.0,1.0,1.0,2368.0,178.0,243.0,0.1045049870342454,1.0,0.0,0.0,,1.0,1.0,1.0,1.0,2368.0,178.0,0.39,1.0,0.0,3.07840895652771,2.0,3.0,3,0,3.0,1992,7059.0,Detached,Good,3.0,3,0,2,1814,4691.0,Detached,925000.0,Inferior,"The candidate property at 189 Blackhorse Dr was ranked as more comparable to the subject at 224 Blackhorse Dr due to having one more room and bedroom, which positively influenced the score by 0.55 and 0.04 respectively. Additionally, the effective age difference of 1 year also contributed positively with a SHAP score of 0.17. However, the absolute effective age difference of 1 year had a slight negative impact of -0.08 on the similarity score."
4770115,116 Blackhorse Dr,1,224 Blackhorse Dr Kemptville ON K0G 1J0,0.0,0.0,,1.0,1.0,0.0,0.0,217.0,469.0,97.5,0.0595972129343361,1.0,0.0,0.0,,1.0,1.0,0.0,0.0,217.0,469.0,0.64,1.0,0.0,3.01163649559021,3.0,3.0,3,0,3.0,1992,7059.0,Detached,Good,3.0,3,0,2,1523,6842.0,Detached,1100000.0,Inferior,"The candidate property at 116 Blackhorse Dr received a higher score due to its similarity in room count, bedrooms, and effective age compared to the subject. However, the larger difference in gross living area (GLA) between the two properties contributed to a lower score, as indicated by the negative SHAP impact."
4770310,260 John St,1,174 South St Gananoque ON K7G1A2,0.5,0.0,,-4.0,-1.0,-80.0,25.0,-6120.0,-94.0,163.33333333333337,0.1605908289241622,1.0,0.5,0.0,,4.0,1.0,80.0,25.0,6120.0,94.0,0.2,1.0,0.0,0.8453560471534729,1.0,2.5,2,1,3.0,2242,6480.0,Detached,Average,2.0,2,0,4,2336,12600.0,Detached,600000.0,Inferior,"The effective age of the candidate property being 80 years younger than the subject property, along with a smaller size (94 sq. ft. less) and a newer age (25 years difference), contributed positively to its similarity score. However, the candidate having 4 fewer total rooms, 4 more absolute room count difference, and 1 fewer bedroom had a negative impact on its similarity score, as these features made it less comparable to the subject property."
4770310,261 Arthur St,1,174 South St Gananoque ON K7G1A2,1.0,1.0,0.0,-4.0,1.0,-80.0,25.0,-720.0,652.0,47.66666666666663,0.1251543209876543,0.0,1.0,1.0,0.0,4.0,1.0,80.0,25.0,720.0,652.0,0.22,1.0,0.0,0.7803398370742798,2.0,2.5,2,1,3.0,2242,6480.0,Detached,Average,1.5,1,1,2,1590,7200.0,Detached,640000.0,Average,"The model ranked the candidate property at 261 Arthur St as more comparable to the subject property at 174 South St due to its similar bedroom count and effective age, which had positive SHAP impacts. However, the larger difference in room count and gross living area, as well as the absolute room count difference, contributed to the model's lower score for comparability."
4770310,198 South St,1,174 South St Gananoque ON K7G1A2,-2.5,-3.0,,-6.0,-4.0,-80.0,25.0,-1269.0,-1198.0,255.90476190476193,0.0979405944853099,1.0,2.5,3.0,,6.0,4.0,80.0,25.0,1269.0,1198.0,0.03,1.0,1.0,0.7510011196136475,3.0,2.5,2,1,3.0,2242,6480.0,Detached,Average,5.0,5,0,7,3440,7749.0,Detached,550000.0,Inferior,"The candidate property at 198 South St received a higher score due to its effective age being 80 years younger than the subject property, as indicated by a SHAP impact of +1.13. Additionally, the candidate's age being 25 years older than the subject contributed positively with a SHAP impact of +0.62. However, the lower bedroom and room count, as well as a higher absolute bathroom score, led to a slightly lower similarity score with negative SHAP impacts."
4771029,133 Saddlelake Grove NE,1,120 CASTLEGROVE RD NE Calgary AB T3J1T5,-1.0,-1.0,,0.0,1.0,-2.0,-2.0,506.0,-579.0,256.35,0.2092671253486329,1.0,1.0,1.0,,0.0,1.0,2.0,2.0,506.0,579.0,2.94,1.0,1.0,2.9113070964813232,1.0,3.0,3,0,5.0,2232,4478.0,Detached,Good,4.0,4,0,4,2811,3972.0,Detached,830000.0,Inferior,"The candidate property was ranked higher due to its similar room count and higher number of bedrooms compared to the subject property, as indicated by positive SHAP values for room_count_diff (0.29) and bedrooms_diff (0.07). However, the larger absolute gross living area (abs_gla_diff = 579.0, SHAP -0.03) and greater lot utility difference (lot_util_diff = 0.209, SHAP -0.11) made it less similar, resulting in a slightly higher overall score of 2.91."
4771029,63 Martinview Cres NE,1,120 CASTLEGROVE RD NE Calgary AB T3J1T5,0.0,0.0,,0.0,0.0,-23.0,-23.0,-786.0,-105.0,21.0,0.0544778355784646,0.0,0.0,0.0,,0.0,0.0,23.0,23.0,786.0,105.0,0.49,1.0,0.0,2.8992810249328613,2.0,3.0,3,0,5.0,2232,4478.0,Detached,Good,3.0,3,0,5,2337,5264.0,Detached,750000.0,Similar,"The model ranked the candidate property as more comparable due to its similarity in room count, bedrooms, and effective age, all of which positively contributed to its score. However, the model found the candidate less comparable due to its greater age compared to the subject property, as indicated by the negative SHAP impact of the subject_age_diff feature. Additionally, the larger difference in gross living area per bedroom also contributed to the lower similarity score."
4771029,286 Taravista Dr NE,1,120 CASTLEGROVE RD NE Calgary AB T3J1T5,0.0,1.0,,0.0,1.0,-9.0,-9.0,657.0,-305.0,187.85,0.1655255113866752,1.0,0.0,1.0,,0.0,1.0,9.0,9.0,657.0,305.0,2.37,1.0,1.0,2.5593128204345703,3.0,3.0,3,0,5.0,2232,4478.0,Detached,Good,3.0,2,2,4,2537,3821.0,Detached,827500.0,Superior,"The candidate property was ranked as more comparable to the subject due to its similar room count and bedroom count, as well as its lower effective age compared to the subject. However, the model considered the candidate less comparable due to its recent sale and slightly larger lot size, which contributed to its overall score of 2.56."
4771097,202-550 Talbot Pl,1,401 540 Talbot Pl Gananoque ON K7G3C6,0.0,0.0,,0.0,0.0,-20.0,0.0,,-61.0,30.5,,1.0,0.0,0.0,,0.0,0.0,20.0,0.0,,61.0,0.06,1.0,0.0,3.361347198486328,1.0,1.0,1,0,2.0,758,,Condominium,Average,1.0,1,0,2,819,,Condominium,237000.0,Inferior,"The candidate property was ranked as more comparable to the subject due to having the same number of rooms and bedrooms, as well as being 20 years older, which the model considered a positive similarity. However, the candidate was ranked slightly lower due to having 30.5 square feet more of gross living area per bedroom compared to the subject."
4771097,305-540 Talbot Pl,1,401 540 Talbot Pl Gananoque ON K7G3C6,0.0,0.0,,-1.0,0.0,-20.0,0.0,,-61.0,30.5,,0.0,0.0,0.0,,1.0,0.0,20.0,0.0,,61.0,0.0,1.0,0.0,3.3574705123901367,2.0,1.0,1,0,2.0,758,,Condominium,Average,1.0,1,0,2,819,,Condominium,255000.0,Average,"The candidate property was considered more comparable to the subject property due to having one fewer room and being 20 years older, which increased its similarity score. Additionally, having the same number of bedrooms as the subject also contributed positively to the similarity score. However, the candidate property was considered less similar due to having 30.5 more square feet per bedroom, which slightly decreased its similarity score."
4771097,404-610 William St S,1,401 540 Talbot Pl Gananoque ON K7G3C6,0.0,0.0,,-2.0,1.0,-30.0,-10.0,,164.0,215.0,,0.0,0.0,0.0,,2.0,1.0,30.0,10.0,,164.0,1.02,1.0,1.0,2.147202491760254,3.0,1.0,1,0,2.0,758,,Condominium,Average,1.0,1,0,1,594,,Condominium,325000.0,Average,"The candidate property was ranked higher due to its effective age being 30 years younger than the subject property, which had a strong positive impact on the similarity score. Additionally, the candidate having one more bedroom and being 10 years younger than the subject also contributed positively. However, the model rated the candidate lower due to its room count being 2 less than the subject, which had a notable negative impact on the similarity score."
4771641,116 Ambleside Cres NW,1,53 Lucas Place NW Calgary AB T3P2E2,-1.0,-1.0,0.0,-1.0,-1.0,0.0,0.0,-947.0,-954.0,85.04999999999995,0.0607649681189279,1.0,1.0,1.0,0.0,1.0,1.0,0.0,0.0,947.0,954.0,2.41,1.0,0.0,2.9736201763153076,1.0,3.5,3,1,4.0,2115,2745.0,Detached,Good,4.5,4,1,5,3069,3692.0,Detached,942000.0,Superior,"The candidate property was rated as more comparable to the subject property primarily due to its similar room count and bedroom count, as well as its effective age. These factors positively influenced the similarity score. However, the larger absolute gross living area and slightly different lot utility of the candidate property had a slight negative impact on the similarity score."
4771641,21 Panora St NW,1,53 Lucas Place NW Calgary AB T3P2E2,0.0,0.0,0.0,0.0,0.0,-13.0,-13.0,-839.0,116.0,29.0,0.2127351068501171,1.0,0.0,0.0,0.0,0.0,0.0,13.0,13.0,839.0,116.0,2.86,1.0,1.0,2.868372678756714,2.0,3.5,3,1,4.0,2115,2745.0,Detached,Good,3.5,3,1,4,1999,3584.0,Detached,635000.0,Inferior,"The model ranked the candidate property at 21 Panora St NW as more comparable to the subject due to its identical room count and bedrooms, which had positive SHAP impacts of 0.49 and 0.10, respectively. Additionally, despite an effective age difference of -13 years, the model still found this to contribute positively with a SHAP impact of 0.64. However, the absolute subject age difference and the fact that the candidate property sold recently and had a slightly different lot utility had a marginal negative impact, leading to a final score of 2.87."
4771641,1134 Alpine Ave SW,1,53 Lucas Place NW Calgary AB T3P2E2,1.0,1.0,0.0,2.0,1.0,-1.0,-1.0,162.0,-91.0,206.58333333333337,0.0835538800352875,1.0,1.0,1.0,0.0,2.0,1.0,1.0,1.0,162.0,91.0,31.28,1.0,0.0,2.7962188720703125,3.0,3.5,3,1,4.0,2115,2745.0,Detached,Good,2.5,2,1,3,2206,2583.0,Detached,840000.0,Superior,"The candidate property at 1134 Alpine Ave SW received a higher score due to its similarity in room count (+0.41) and the number of bedrooms (+0.09) compared to the subject property. Additionally, despite a small age difference, the effective age being lower than the subject's contributed positively to the score (+0.41), but the absolute effective age difference slightly reduced the similarity (-0.01). Overall, the model ranked this candidate property as more comparable due to its favorable room count, bedroom similarity, and lower effective age."
4772017,232 Taracove Rd NE,1,323 TARACOVE ESTATE DR NE Calgary AB T3J5A1,0.0,0.0,,0.0,0.0,-7.0,-1.0,248.0,-40.0,13.333333333333314,0.0359979419748628,1.0,0.0,0.0,,0.0,0.0,7.0,1.0,248.0,40.0,0.23,1.0,1.0,3.5803802013397217,1.0,2.0,2,0,3.0,1149,3574.0,Detached,Good,2.0,2,0,3,1189,3326.0,Detached,575000.0,Average,"The candidate property at 232 Taracove Rd NE received a higher score due to its similarities in room count, bedrooms, and effective age, which all contributed positively to the match. However, the model ranked it slightly lower due to differences in sold_recently and gla_per_bedroom, which had a minor negative impact on the similarity score."
4772017,6248 Taralea Pk NE,1,323 TARACOVE ESTATE DR NE Calgary AB T3J5A1,0.0,0.0,,0.0,0.0,-7.0,-1.0,-904.0,-110.0,36.666666666666686,0.0403362281256646,1.0,0.0,0.0,,0.0,0.0,7.0,1.0,904.0,110.0,0.31,1.0,1.0,3.4018211364746094,2.0,2.0,2,0,3.0,1149,3574.0,Detached,Good,2.0,2,0,3,1259,4478.0,Detached,647500.0,Superior,"The candidate property was considered more similar to the subject property due to having the same number of rooms and bedrooms, as well as being slightly older, which positively influenced its score. However, the fact that it was sold recently and has a higher gross living area per bedroom compared to the subject had a slight negative impact on its similarity score."
4772017,91 Taralea Cres NE,1,323 TARACOVE ESTATE DR NE Calgary AB T3J5A1,0.5,1.0,,1.0,2.0,-6.0,0.0,-1743.0,29.0,737.0,0.1108434276390023,1.0,0.5,1.0,,1.0,2.0,6.0,0.0,1743.0,29.0,0.43,1.0,1.0,3.096848726272583,3.0,2.0,2,0,3.0,1149,3574.0,Detached,Good,1.5,1,1,1,1120,5317.0,Detached,565000.0,Superior,"The model ranked the candidate property as more comparable due to its higher room count and lower effective age compared to the subject, resulting in positive SHAP values. However, the recent sale of the candidate property and a slightly different lot utility compared to the subject contributed to the model ranking it slightly less comparable, as indicated by the negative SHAP values."
4772152,193 Hidden Ranch Hill NW,1,9449 Hidden Valley Dr NW Calgary AB T3A5T1,-1.0,-1.0,0.0,2.0,0.0,-12.0,0.0,3685.0,-182.0,60.666666666666686,3.401024374917937,0.0,1.0,1.0,0.0,2.0,0.0,12.0,0.0,3685.0,182.0,0.17,1.0,1.0,4.215902805328369,1.0,1.5,1,1,3.0,1372,4101.0,Detached,Good,2.5,2,1,3,1554,416.0,Detached,650000.0,Good,"The candidate property at 193 Hidden Ranch Hill NW received a higher score due to having 2 more rooms, the same number of bedrooms, and being 12 years younger than the subject property. These similarities positively influenced the score. However, the fact that it was sold recently had a slightly negative impact on the score, indicating a potential dissimilarity in this aspect."
4772152,130 Hidden Ranch Rd NW,1,9449 Hidden Valley Dr NW Calgary AB T3A5T1,-1.0,-1.0,0.0,1.0,0.0,-14.0,-2.0,3728.0,-439.0,146.33333333333331,4.520675333878549,0.0,1.0,1.0,0.0,1.0,0.0,14.0,2.0,3728.0,439.0,0.21,1.0,1.0,3.579585075378418,2.0,1.5,1,1,3.0,1372,4101.0,Detached,Good,2.5,2,1,3,1811,373.0,Detached,668500.0,Good,"The model ranked the candidate property as more comparable to the subject due to having an additional room and a similar number of bedrooms, which positively impacted the score. Additionally, despite being older by 14 years, the effective age similarity further increased the comparability score. However, the larger absolute gross living area difference and recent sale negatively impacted the similarity score, resulting in the final ranking."
4772152,10673 Hidden Valley Dr NW,1,9449 Hidden Valley Dr NW Calgary AB T3A5T1,-1.0,-1.0,0.0,1.0,0.0,-13.0,-1.0,3708.0,-176.0,58.666666666666686,3.604378749550938,1.0,1.0,1.0,0.0,1.0,0.0,13.0,1.0,3708.0,176.0,1.69,1.0,1.0,3.534099578857422,3.0,1.5,1,1,3.0,1372,4101.0,Detached,Good,2.5,2,1,3,1548,393.0,Detached,700000.0,Excellent,"The candidate property at 10673 Hidden Valley Dr NW was ranked as more comparable to the subject property due to having one more room (+0.47 SHAP), the same number of bedrooms (+0.15 SHAP), and an effective age 13 years younger than the subject property (+0.68 SHAP). However, the fact that the candidate property was sold recently had a minimal negative impact on its similarity score (-0.00 SHAP)."
4773295,12017 Station Rd,1,52 Pyle Rd Lowbanks ON N0A1K0,0.5,0.0,,-1.0,-1.0,-49.0,1.0,-87120.0,115.0,317.5,0.0625803489439853,1.0,0.5,0.0,,1.0,1.0,49.0,1.0,87120.0,115.0,11.28,1.0,0.0,2.4457390308380127,1.0,1.5,1,1,2.0,1675,21780.0,Detached,Average,1.0,1,0,3,1560,108900.0,Detached,750000.0,Superior,"The candidate property was ranked as more comparable to the subject property due to having one fewer room, one fewer bedroom, and being older by 49 years, all of which positively contributed to the similarity score. However, the larger lot utility difference of 0.0625 had a negative impact on the similarity score, indicating a slight dissimilarity in this aspect."
4773295,7167 Rainham Rd,1,52 Pyle Rd Lowbanks ON N0A1K0,-0.5,-1.0,,-1.0,-1.0,-30.0,20.0,-21780.0,-25.0,270.83333333333337,0.0378787878787878,1.0,0.5,1.0,,1.0,1.0,30.0,20.0,21780.0,25.0,11.28,1.0,1.0,1.28658127784729,2.0,1.5,1,1,2.0,1675,21780.0,Detached,Average,2.0,2,0,3,1700,43560.0,Detached,830000.0,Superior,"The candidate property at 7167 Rainham Rd was ranked as more comparable to the subject property due to its similarities in room count, bedrooms, and effective age. The lower room count and bedroom count, as well as the older effective age, positively contributed to the similarity score. However, the higher absolute effective age difference, recent sale, and greater lot utility difference had a negative impact on the similarity score."
4773295,40 Erie Heights Line ,0,52 Pyle Rd Lowbanks ON N0A1K0,0.5,0.0,,-2.0,-1.0,-42.0,8.0,,657.0,270.83333333333337,,1.0,0.5,0.0,,2.0,1.0,42.0,8.0,,657.0,,1.0,0.0,0.4441189467906952,3.0,1.5,1,1,2.0,1675,21780.0,Detached,Average,1.0,1,0,3,1018,,Detached,,Good,"The model ranked the candidate property as more comparable to the subject due to its lower effective age compared to the subject (+0.50 SHAP) and the fact that it is slightly older than the subject (+0.49 SHAP). However, the model found the candidate less similar due to its lower room count (-0.30 SHAP) and larger gross living area (GLA) difference (-0.36 SHAP), which contributed to the overall score of 0.44."
4773534,54025 Wellandport Rd,1,44041 Hendershot Rd Lowbanks ON N0A1K0,-1.0,-1.0,0.0,0.0,0.0,-19.0,-7.0,43560.0,-1529.0,382.25,0.0119582185491276,1.0,1.0,1.0,0.0,0.0,0.0,19.0,7.0,43560.0,1529.0,1.6,1.0,0.0,3.221982955932617,1.0,2.5,2,1,4.0,2773,217800.0,Detached,Average,3.5,3,1,4,4302,174240.0,Detached,1410000.0,Inferior,"The candidate property at 54025 Wellandport Rd received a higher score due to its similarity in room count and bedroom count, which had a positive impact on the score. Additionally, despite being 19 years older, the effective age similarity also contributed positively. However, the model considered the absolute difference in gross living area (GLA) as a dissimilarity, slightly reducing the score."
4773534,1376 Bird Road,1,44041 Hendershot Rd Lowbanks ON N0A1K0,0.0,0.0,0.0,0.0,1.0,-5.0,7.0,174240.0,764.0,23.58333333333337,0.0333884297520661,0.0,0.0,0.0,0.0,0.0,1.0,5.0,7.0,174240.0,764.0,10.28,1.0,1.0,1.0868996381759644,2.0,2.5,2,1,4.0,2773,217800.0,Detached,Average,2.5,2,1,3,2009,43560.0,Detached,1195000.0,Similar,"The model ranked the candidate property at 1376 Bird Road as more comparable to the subject property at 44041 Hendershot Rd due to their similar room count and bedrooms, as well as the relatively close effective ages. However, the larger difference in gross living area (GLA) and absolute GLA, as well as the recent sale of the candidate property, made it less comparable to the subject, resulting in the overall score of 1.09."
4773534,4 Philips Court,1,44041 Hendershot Rd Lowbanks ON N0A1K0,0.0,0.0,0.0,1.0,1.0,18.0,30.0,196020.0,773.0,26.58333333333337,0.0790955004591368,1.0,0.0,0.0,0.0,1.0,1.0,18.0,30.0,196020.0,773.0,9.91,1.0,1.0,-0.60980623960495,3.0,2.5,2,1,4.0,2773,217800.0,Detached,Average,2.5,2,1,3,2000,21780.0,Detached,1315000.0,Superior,"The model ranked the property at 4 Philips Court as less comparable due to its larger gross living area (GLA) difference of 773 square feet (SHAP -0.30), as well as a higher effective age difference of 18 years (SHAP -0.07). However, it found the property more similar due to its similar room count (SHAP +0.54) and bedrooms count (SHAP +0.03) compared to the subject property."
4773833,737 Concession Rd 2,1,4315 CONCESSION RD 4 N/A S Amherstburg ON N9V2Y8,0.0,0.0,,-1.0,-1.0,-12.0,88.0,22961.0,-381.0,39.0,31.4882613290044,1.0,0.0,0.0,,1.0,1.0,12.0,88.0,22961.0,381.0,2.81,1.0,1.0,0.8717671036720276,1.0,2.0,2,0,4.0,2304,23046.0,Detached,Fair,2.0,2,0,5,2685,85.0,Detached,760000.0,Average,"The model ranked the candidate property at 737 Concession Rd 2 as more comparable to the subject property at 4315 CONCESSION RD 4 due to its lower effective age difference of -12 years and a lower subject age difference of 88 years, both of which had positive SHAP impacts of +0.59 and +0.61, respectively. However, the model ranked it as less comparable due to a room count difference of -1, and a higher absolute subject age difference of 88 years, resulting in negative SHAP impacts of -0.02 and -0.07, respectively."
4773833,6040 Middle Side Rd,1,4315 CONCESSION RD 4 N/A S Amherstburg ON N9V2Y8,0.0,0.0,,2.0,1.0,-12.0,88.0,22896.0,886.0,103.33333333333331,9.35335936822008,1.0,0.0,0.0,,2.0,1.0,12.0,88.0,22896.0,886.0,3.16,1.0,0.0,0.8242413997650146,2.0,2.0,2,0,4.0,2304,23046.0,Detached,Fair,2.0,2,0,3,1418,150.0,Detached,674000.0,Average,"The model ranked the candidate property as more comparable due to its higher room count and lower effective age compared to the subject, reflected in positive SHAP values of 0.60 and 0.53, respectively. However, the larger gross living area (GLA) and absolute age difference made the candidate less similar, resulting in negative SHAP values of -0.54 and -0.10, respectively, which slightly reduced the overall similarity score."
4773833,7050 County Road 18,1,4315 CONCESSION RD 4 N/A S Amherstburg ON N9V2Y8,0.0,0.0,,2.0,-2.0,-30.0,70.0,22937.0,1215.0,394.5,9.890851722960145,1.0,0.0,0.0,,2.0,2.0,30.0,70.0,22937.0,1215.0,4.69,1.0,1.0,0.11061176657676697,3.0,2.0,2,0,4.0,2304,23046.0,Detached,Fair,2.0,2,0,6,1089,109.0,Detached,680000.0,Average,"The model ranked the candidate property higher due to its similarity in room count and effective age compared to the subject property, as indicated by positive SHAP values of 0.53 and 0.29, respectively. However, the lower similarity in bedrooms count and greater living area difference resulted in negative SHAP values of -0.07 and -0.60, contributing to a slightly lower overall score of 0.11."
4775247,42 Besse Ave,1,12 Mcdougall St NW Langdon AB T0J1X2,0.0,0.0,0.0,-1.0,-1.0,-6.0,1.0,1313.0,-286.0,91.16666666666664,0.0622141137969474,1.0,0.0,0.0,0.0,1.0,1.0,6.0,1.0,1313.0,286.0,0.2,1.0,1.0,3.2968921661376953,1.0,2.5,2,1,3.0,1952,10021.0,Detached,Good,2.5,2,1,4,2238,8708.0,Detached,785000.0,Superior,"The candidate property at 42 Besse Ave received a higher similarity score due to its lower room count and bedroom count compared to the subject property, which had positive SHAP impacts of +0.11 and +0.00 respectively. Additionally, the candidate's lower effective age of -6 years contributed significantly to its similarity score with a positive SHAP impact of +0.54. However, the recent sale of the candidate property and a slightly larger lot utility compared to the subject had negative SHAP impacts of -0.01 and -0.03, respectively, reducing the overall similarity score."
4775247,6 McIntyre Pl,1,12 Mcdougall St NW Langdon AB T0J1X2,-0.5,-1.0,,-2.0,0.0,-5.0,2.0,118.0,-400.0,133.33333333333337,0.0427128477032524,0.0,0.5,1.0,,2.0,0.0,5.0,2.0,118.0,400.0,0.78,1.0,1.0,2.621853828430176,2.0,2.5,2,1,3.0,1952,10021.0,Detached,Good,3.0,3,0,3,2352,9903.0,Detached,770000.0,Good,"The model ranked the candidate property at 6 McIntyre Pl as relatively comparable to the subject property at 12 Mcdougall St due to their similar number of bedrooms and the effective age being 5 years younger, which positively impacted the similarity score. However, the candidate property's lower room count and larger absolute gross living area negatively affected the similarity score, resulting in a moderate overall ranking of 2.62."
4775247,3 Lloyd Cres NE,1,12 Mcdougall St NW Langdon AB T0J1X2,0.0,0.0,0.0,0.0,0.0,-12.0,-5.0,-872.0,391.0,130.33333333333326,0.0514879003793676,0.0,0.0,0.0,0.0,0.0,0.0,12.0,5.0,872.0,391.0,1.1,1.0,1.0,2.3504576683044434,3.0,2.5,2,1,3.0,1952,10021.0,Detached,Good,2.5,2,1,3,1561,10893.0,Detached,652500.0,Good,"The candidate property at 3 Lloyd Cres NE was ranked higher due to its similarity in room count, bedrooms, and effective age compared to the subject property. The lack of differences in these features positively influenced the score, particularly the effective_age_diff of -12. However, the larger difference in gross living area (gla_diff = 391.0, SHAP -0.29) and the fact that it was sold recently (sold_recently = 1.0, SHAP -0.02) made the candidate less comparable, leading to a slightly lower overall score of 2.35."
4775292,6224 Fifth Line ,0,64232 COUNTY RD 3 East Garafraxa ON L9W7J4,0.5,1.0,,-1.0,2.0,-24.0,9.0,-17200.0,546.0,86.66666666666663,0.0016096355459509,1.0,0.5,1.0,,1.0,2.0,24.0,9.0,17200.0,546.0,,1.0,0.0,1.1199232339859009,1.0,3.0,3,0,5.0,2250,435600.0,Detached,Average,2.5,2,1,3,1704,452800.0,Detached,,Good,"The model ranked the candidate property as more comparable because it has 1 less room and 2 more bedrooms than the subject, which slightly improved the similarity score. Additionally, despite a larger gross living area (GLA) compared to the subject, the candidate's effective age being 24 years younger significantly increased its similarity score. Overall, the effective age difference had the most positive impact on the similarity score, while the GLA difference had the most negative impact."
4775292,5739 Sixth Line,1,64232 COUNTY RD 3 East Garafraxa ON L9W7J4,1.0,1.0,,3.0,2.0,-20.0,13.0,348480.0,616.0,94.66666666666664,0.0135904499540863,0.0,1.0,1.0,,3.0,2.0,20.0,13.0,348480.0,616.0,11.17,1.0,1.0,1.0830161571502686,2.0,3.0,3,0,5.0,2250,435600.0,Detached,Average,2.0,2,0,3,1634,87120.0,Detached,1490000.0,Average,"The model ranked the property at 5739 Sixth Line as more comparable to the subject due to its lower effective age (-20 years) and higher room count and bedrooms compared to the subject, which had a positive impact on the score. However, the larger gross living area (GLA) difference and absolute room count and GLA differences had a negative impact on the score, indicating some dissimilarity in these aspects."
4775292,7167 Seventh Line,1,64232 COUNTY RD 3 East Garafraxa ON L9W7J4,2.0,2.0,,4.0,2.0,-16.0,17.0,0.0,640.0,86.66666666666663,0.0014692378328741,0.0,2.0,2.0,,4.0,2.0,16.0,17.0,0.0,640.0,12.14,1.0,0.0,1.0294768810272217,3.0,3.0,3,0,5.0,2250,435600.0,Detached,Average,1.0,1,0,3,1610,435600.0,Detached,1150000.0,Average,"The model ranked the property at 7167 Seventh Line as more comparable due to its similar room count and bedroom count compared to the subject property, as indicated by SHAP values of +0.38 and +0.03, respectively. Additionally, the effective age difference of -16 years contributed positively with a SHAP value of +0.67. However, the larger gross living area (GLA) difference and higher absolute bathroom and room count differences resulted in lower similarity scores, with SHAP values of -0.13, -0.30, and -0.31, respectively."
4775785,3858 County Rd 1 E,1,1841 Fisk Rd Odessa ON K0H2H0,0.5,1.0,,-1.0,2.0,-121.0,-16.0,178596.0,-385.0,413.4,0.0049087951938491,1.0,0.5,1.0,,1.0,2.0,121.0,16.0,178596.0,385.0,5.81,1.0,1.0,2.599292516708374,1.0,2.0,2,0,5.0,2138,435600.0,Detached,Average,1.5,1,1,3,2523,257004.0,Detached,616000.0,Inferior,"The candidate property was ranked as more comparable to the subject property primarily due to its lower effective age, which had a significant positive impact on the score (SHAP +1.01). Additionally, despite having one less room, the candidate's room count difference also slightly contributed to its similarity (SHAP +0.09). However, the recent sale of the candidate property had a small negative impact on the score (SHAP -0.01), indicating a slight dissimilarity."
4775785,1977 Thorpe Road,1,1841 Fisk Rd Odessa ON K0H2H0,0.0,0.0,,0.0,1.0,16.0,121.0,-871200.0,294.0,33.39999999999998,0.0034970921334557,1.0,0.0,0.0,,0.0,1.0,16.0,121.0,871200.0,294.0,4.67,1.0,0.0,2.101865291595459,2.0,2.0,2,0,5.0,2138,435600.0,Detached,Average,2.0,2,0,4,1844,1306800.0,Detached,830000.0,Superior,"The model ranked the candidate property at 1977 Thorpe Road as more comparable to the subject property at 1841 Fisk Rd due to having the same room count and a similar effective age, positively impacting the score. However, the larger difference in GLA (gross living area) per bedroom had a negative impact on the score, indicating a potential dissimilarity in the distribution of living space."
4775785,116 Dowdle Rd,1,1841 Fisk Rd Odessa ON K0H2H0,-0.5,0.0,,-4.0,0.0,-92.0,13.0,-65340.0,-1652.0,330.4,0.0026576037050345,1.0,0.5,0.0,,4.0,0.0,92.0,13.0,65340.0,1652.0,16.86,1.0,1.0,1.0309818983078003,3.0,2.0,2,0,5.0,2138,435600.0,Detached,Average,2.5,2,1,5,3790,500940.0,Detached,890000.0,Superior,"The model ranked the candidate property at 116 Dowdle Rd as more comparable to the subject at 1841 Fisk Rd due to its effective age being 92 years younger than the subject, and the number of bedrooms being the same. However, the lower room count and larger absolute gross living area of the candidate made it less similar to the subject, resulting in a score of 1.03."
4775892,42 Sandringham Crt,1,84 Carleton Pl Brampton ON L6T3Z4,-1.0,-1.0,0.0,0.0,0.0,-30.0,0.0,,0.0,0.0,,0.0,1.0,1.0,0.0,0.0,0.0,30.0,0.0,,0.0,0.22,1.0,0.0,4.114358901977539,1.0,1.5,1,1,3.0,1178,,Townhouse,Average,2.5,2,1,3,1178,,Townhouse,675000.0,Similar,"The candidate property at 42 Sandringham Crt was ranked as more comparable to the subject at 84 Carleton Pl because it has the same room count and number of bedrooms, which positively influenced the score (room_count_diff: 0.0, SHAP +0.44 and bedrooms_diff: 0.0, SHAP +0.11). Additionally, the effective age of the candidate property being 30 years younger than the subject also contributed positively to the similarity score (effective_age_diff: -30.0, SHAP +0.36)."
4775892,41 Lincoln Crt,1,84 Carleton Pl Brampton ON L6T3Z4,0.0,0.0,0.0,-1.0,0.0,-30.0,0.0,,0.0,0.0,,1.0,0.0,0.0,0.0,1.0,0.0,30.0,0.0,,0.0,0.18,1.0,0.0,3.2780637741088867,2.0,1.5,1,1,3.0,1178,,Townhouse,Average,1.5,1,1,3,1178,,Townhouse,659900.0,Superior,"The candidate property at 41 Lincoln Crt was ranked as more comparable to the subject due to its slightly lower room count (SHAP +0.08), equivalent number of bedrooms (SHAP +0.11), and significantly lower effective age (SHAP +0.25). These factors collectively contributed to its higher similarity score of 3.28."
4775892,238 Fleetwood Cres,1,84 Carleton Pl Brampton ON L6T3Z4,-0.5,-1.0,,-1.0,-1.0,-34.0,-4.0,,-53.0,84.91666666666669,,0.0,0.5,1.0,,1.0,1.0,34.0,4.0,,53.0,1.84,1.0,1.0,2.200622081756592,3.0,1.5,1,1,3.0,1178,,Townhouse,Average,2.0,2,0,4,1231,,Townhouse,628000.0,Similar,"The candidate property at 238 Fleetwood Cres was ranked as more comparable to the subject due to its lower effective age, which had a high positive impact on the similarity score (SHAP +0.44). Additionally, the decrease in room count and bedrooms compared to the subject had a small positive impact on the similarity score (SHAP +0.10 and +0.03, respectively). However, the larger absolute difference in gross living area and recent sale status had a negative impact on the similarity score (SHAP -0.07 and -0.01, respectively), indicating some dissimilarity in these aspects."
4776066,320 Everglade Cir SW,1,299 Everoak Dr SW Calgary AB T2Y0A5,0.0,0.0,0.0,1.0,-1.0,-9.0,-1.0,-925.0,-337.0,99.33333333333336,0.046089846094094,0.0,0.0,0.0,0.0,1.0,1.0,9.0,1.0,925.0,337.0,1.23,1.0,1.0,3.969339609146118,1.0,2.5,2,1,3.0,2203,3703.0,Detached,Excellent,2.5,2,1,4,2540,4628.0,Detached,890000.0,Excellent,"The candidate property at 320 Everglade Cir SW was ranked as more similar to the subject property due to its slightly higher room count (+0.34 SHAP) and lower effective age (+0.53 SHAP). However, the fact that it was sold recently had a slightly negative impact (-0.01 SHAP) on its similarity score. The lower bedroom count also contributed to its similarity, but to a lesser extent (+0.05 SHAP)."
4776066,1845 Evergreen Dr SW,1,299 Everoak Dr SW Calgary AB T2Y0A5,0.0,0.0,0.0,1.0,0.0,-11.0,-3.0,-1087.0,-228.0,76.0,0.0874073777566797,0.0,0.0,0.0,0.0,1.0,0.0,11.0,3.0,1087.0,228.0,0.97,1.0,1.0,3.8651840686798096,2.0,2.5,2,1,3.0,2203,3703.0,Detached,Excellent,2.5,2,1,3,2431,4790.0,Detached,905000.0,Excellent,"The candidate property at 1845 Evergreen Dr SW was considered more comparable to the subject due to its similar room count and bedroom count, as well as its lower effective age compared to the subject. However, the model found the property less comparable due to its recent sale and a slightly larger lot size, indicating a minor dissimilarity in these aspects."
4776066,161 Everoak Cir SW,1,299 Everoak Dr SW Calgary AB T2Y0A5,0.0,0.0,0.0,1.0,0.0,-9.0,-1.0,-452.0,-71.0,23.66666666666663,0.0476306166041583,1.0,0.0,0.0,0.0,1.0,0.0,9.0,1.0,452.0,71.0,0.28,1.0,1.0,3.6597793102264404,3.0,2.5,2,1,3.0,2203,3703.0,Detached,Excellent,2.5,2,1,3,2274,4155.0,Detached,900000.0,Good,"The candidate property was ranked higher due to having an additional room and a slightly younger effective age compared to the subject, positively impacting its similarity score. However, the recent sale of the candidate property and a higher GLA per bedroom compared to the subject had a slight negative impact on its similarity score."
4776534,25 Timberline Crt SW,1,29 Timberline Crt SW Calgary AB T3H6C8,0.0,0.0,0.0,-1.0,-2.0,,1.0,-1507.0,-637.0,345.0,0.008042959241754,0.0,0.0,0.0,0.0,1.0,2.0,,1.0,1507.0,637.0,0.02,1.0,1.0,2.4836018085479736,1.0,3.5,3,1,3.0,3543,7524.0,Detached,Good,3.5,3,1,5,4180,9031.0,Detached,2700000.0,Similar,"The candidate property at 25 Timberline Crt SW received a higher score due to its similarity in room count, subject age, and GLA (Gross Living Area) compared to the subject property. The slightly lower room count, similar subject age, and slightly smaller GLA positively contributed to its similarity score, while the larger difference in bedrooms, lack of data for effective age difference, and absolute effective age difference negatively impacted its similarity score."
4776534,75 Aspen Summit Crt SW,1,29 Timberline Crt SW Calgary AB T3H6C8,0.0,0.0,0.0,-1.0,0.0,,-7.0,-592.0,307.0,102.33333333333326,0.0721745613642062,1.0,0.0,0.0,0.0,1.0,0.0,,7.0,592.0,307.0,2.17,1.0,1.0,1.884108066558838,2.0,3.5,3,1,3.0,3543,7524.0,Detached,Good,3.5,3,1,3,3236,8116.0,Detached,1700000.0,Inferior,"The candidate property was ranked as more comparable to the subject due to its slightly lower room count and the subject property being older by 7 years, both of which contributed positively to the similarity score. However, the candidate's effective age and absolute effective age being unavailable, along with the fact that it was sold recently, slightly reduced its similarity score according to the model."
4776534,3 Timberline Gate SW,1,29 Timberline Crt SW Calgary AB T3H6C8,1.0,1.0,0.0,-2.0,0.0,,-8.0,-2669.0,107.0,35.66666666666674,0.133799057770359,1.0,1.0,1.0,0.0,2.0,0.0,,8.0,2669.0,107.0,0.31,1.0,1.0,0.8657843470573425,3.0,3.5,3,1,3.0,3543,7524.0,Detached,Good,2.5,2,1,3,3436,10193.0,Detached,1785000.0,Inferior,"The candidate property at 3 Timberline Gate SW was ranked as more comparable to the subject primarily due to its similarity in the number of bedrooms, with a SHAP impact of +0.13, and its larger size (GLA) compared to the subject, with a SHAP impact of +0.34. However, the candidate property was considered less comparable due to a larger difference in room count (SHAP -0.08) and the fact that it was sold recently (SHAP -0.01), which may have influenced its ranking."
4776574,579 Copperpond Cir SE,1,58 Copperleaf Terr SE Calgary AB T2Z0H9,0.0,0.0,0.0,1.0,0.0,-5.0,2.0,807.0,255.0,85.0,0.0361231741018555,0.0,0.0,0.0,0.0,1.0,0.0,5.0,2.0,807.0,255.0,1.16,1.0,1.0,2.932654857635498,1.0,3.5,3,1,3.0,2352,4768.0,Detached,Good,3.5,3,1,3,2097,3961.0,Detached,715000.0,Similar,"The candidate property at 579 Copperpond Cir SE was ranked as more comparable to the subject property due to having an additional room and a slightly lower effective age, which increased its similarity score by 0.47 and 0.27 respectively. However, the fact that it was sold recently slightly decreased its similarity score by -0.01. Overall, the model interpreted the additional room and lower effective age as the main factors contributing to the higher similarity score."
4776574,3 Copperleaf Pk SE,1,58 Copperleaf Terr SE Calgary AB T2Z0H9,0.0,0.0,0.0,-2.0,0.0,-8.0,-1.0,-592.0,8.0,2.6666666666666288,0.0559751577682059,1.0,0.0,0.0,0.0,2.0,0.0,8.0,1.0,592.0,8.0,0.13,1.0,1.0,2.6261885166168213,2.0,3.5,3,1,3.0,2352,4768.0,Detached,Good,3.5,3,1,3,2344,5360.0,Detached,880868.0,Superior,"The candidate property at 3 Copperleaf Pk SE was ranked as more comparable to the subject property due to its similar effective age and subject age, which had positive SHAP impacts of +0.35 and +0.41, respectively. However, the candidate was considered less similar due to its lower room count and recent sale, resulting in negative SHAP impacts of -0.17 and -0.01, respectively. Overall, the similar ages positively contributed to the ranking, while the differences in room count and recent sale had a negative impact."
4776574,2224 Brightoncrest Green SE,1,58 Copperleaf Terr SE Calgary AB T2Z0H9,0.0,0.0,0.0,-2.0,0.0,-1.0,6.0,969.0,-37.0,12.333333333333371,0.1355611066847333,1.0,0.0,0.0,0.0,2.0,0.0,1.0,6.0,969.0,37.0,1.64,1.0,1.0,2.6195545196533203,3.0,3.5,3,1,3.0,2352,4768.0,Detached,Good,3.5,3,1,3,2389,3799.0,Detached,819900.0,Superior,"The model ranked the candidate property as more comparable to the subject primarily due to its similar effective age, with a SHAP impact of +0.30, and the subject's age, with a SHAP impact of +0.50. However, the model found the candidate less comparable due to a difference in room count, resulting in a SHAP impact of -0.09, and the fact that the candidate property was sold recently, with a minor SHAP impact of -0.00."
4776648,605 Truedell Rd,1,576 Chesham Pl Kingston ON K7M5T5,0.5,1.0,,-5.0,1.0,-33.0,5.0,4614.0,-108.0,123.5,0.1095912389321616,0.0,0.5,1.0,,5.0,1.0,33.0,5.0,4614.0,108.0,0.4,1.0,1.0,2.2115633487701416,1.0,2.0,2,0,4.0,1050,10014.0,Detached,Average,1.5,1,1,3,1158,5400.0,Detached,595000.0,Average,"The candidate property at 605 Truedell Rd was ranked as more comparable to the subject at 576 Chesham Pl due to its effective age being 33 years younger, and having one additional bedroom compared to the subject. However, the model ranked it as less similar due to a larger difference in room count and the fact that it was sold recently."
4776648,355 Boxwood St,1,576 Chesham Pl Kingston ON K7M5T5,0.0,0.0,,-3.0,1.0,-2.0,36.0,5149.0,-487.0,249.83333333333337,0.2110769075401324,0.0,0.0,0.0,,3.0,1.0,2.0,36.0,5149.0,487.0,0.13,1.0,1.0,2.1003987789154053,2.0,2.0,2,0,4.0,1050,10014.0,Detached,Average,2.0,2,0,3,1537,4865.0,Detached,655000.0,Similar,"The candidate property at 355 Boxwood St was considered more comparable to the subject at 576 Chesham Pl due to its effective age being 2 years younger and having one more bedroom, which contributed positively to the similarity score. However, the lower room count and the fact that it was sold recently had a negative impact on the similarity score, resulting in an overall score of 2.10."
4776648,862 Kilburn St,1,576 Chesham Pl Kingston ON K7M5T5,0.0,0.0,,-8.0,0.0,-34.0,4.0,3114.0,-444.0,111.0,0.1116685336181519,1.0,0.0,0.0,,8.0,0.0,34.0,4.0,3114.0,444.0,0.45,1.0,1.0,1.782592535018921,3.0,2.0,2,0,4.0,1050,10014.0,Detached,Average,2.0,2,0,4,1494,6900.0,Detached,630000.0,Inferior,"The model ranked the candidate property at 862 Kilburn St as more comparable to the subject at 576 Chesham Pl due to its effective age being 34 years younger, and the subject property being 4 years older, both of which had positive impacts on the similarity score. However, the significant difference in room count and absolute gross living area had a negative impact, making the candidate slightly less similar overall."
4777578,264 Boulder Creek Dr,1,260 Boulder Creek Cres Langdon AB T0J 1X3,0.0,0.0,0.0,1.0,0.0,-6.0,-1.0,1175.0,-639.0,213.0,0.1081724009146103,0.0,0.0,0.0,0.0,1.0,0.0,6.0,1.0,1175.0,639.0,0.38,1.0,1.0,3.852363109588623,1.0,3.5,3,1,3.0,2061,9451.0,Detached,Good,3.5,3,1,3,2700,8276.0,Detached,930000.0,Similar,"The candidate property at 264 Boulder Creek Dr was ranked higher due to its higher room count and bedrooms count, which made it more similar to the subject property. Additionally, the lower effective age compared to the subject property further improved its similarity score. However, the larger absolute gross living area (GLA) difference, recent sale, and higher lot utility difference made the candidate less comparable to the subject, leading to a slightly lower overall score."
4777578,565 Boulder Creek Cir,1,260 Boulder Creek Cres Langdon AB T0J 1X3,1.0,1.0,0.0,1.0,0.0,-12.0,-7.0,1611.0,-281.0,93.66666666666664,0.0806523281199052,1.0,1.0,1.0,0.0,1.0,0.0,12.0,7.0,1611.0,281.0,0.68,1.0,1.0,2.957700729370117,2.0,3.5,3,1,3.0,2061,9451.0,Detached,Good,2.5,2,1,3,2342,7840.0,Detached,826000.0,Inferior,"The candidate property was ranked as more comparable due to having an additional room and a similar number of bedrooms compared to the subject property. Additionally, despite being older, the effective age of the candidate property made it more similar. However, the recent sale of the candidate property and a slightly larger lot utility difference made it slightly less comparable to the subject."
4777578,115 Hanson Dr NE,1,260 Boulder Creek Cres Langdon AB T0J 1X3,0.0,0.0,0.0,2.0,0.0,-9.0,-4.0,-567.0,144.0,48.0,0.0267166016839987,1.0,0.0,0.0,0.0,2.0,0.0,9.0,4.0,567.0,144.0,1.6,1.0,1.0,2.71628999710083,3.0,3.5,3,1,3.0,2061,9451.0,Detached,Good,3.5,3,1,3,1917,10018.0,Detached,837500.0,Inferior,"The candidate property at 115 Hanson Dr NE was ranked as more comparable to the subject due to its higher room count and lower effective age, as indicated by SHAP values of +0.52 and +0.56, respectively. However, the model considered the candidate less comparable due to its higher GLA per bedroom and the fact that it was sold more recently, with SHAP values of -0.08 and -0.01, respectively."
4777828,14 Grundy Cres,1,32 Hilborn St Grand Valley ON L9W6V1,,,,,,,2.0,4877.0,-47.0,,57.4199072595088,0.0,,,,,,,2.0,4877.0,47.0,0.55,,1.0,2.345477342605591,1.0,0.0,0,0,,2385,4919.0,,Good,2.5,2,1,4,2432,42.0,,1070000.0,Good,"The model ranked the candidate property at 14 Grundy Cres as more comparable to the subject at 32 Hilborn St due to its similar subject age difference of 2.0 years (SHAP +0.63), and the presence of the same number of bedrooms (SHAP +0.20). However, the candidate was considered less similar due to differences in room count and effective age, reflected by negative SHAP values for room_count_diff (nan) and abs_effective_age_diff (nan)."
4777828,77 Taylor Dr,1,32 Hilborn St Grand Valley ON L9W6V1,,,,,,,0.0,4874.0,44.0,,51.537367576969125,0.0,,,,,,,0.0,4874.0,44.0,0.7,,1.0,2.0825870037078857,2.0,0.0,0,0,,2385,4919.0,,Good,2.5,2,1,3,2341,45.0,,1028888.0,Good,"The model ranked the candidate property at 77 Taylor Dr as reasonably comparable to the subject at 32 Hilborn St due to its similar size (GLA diff of 44.0 with SHAP +0.23) and identical age (subject_age_diff of 0.0 with SHAP +0.57). However, the lack of specific data for certain features such as room_count_diff, effective_age_diff, and abs_room_count_diff resulted in a slightly lower similarity score."
4777828,13 Grundy Cres,1,32 Hilborn St Grand Valley ON L9W6V1,,,,,,,2.0,4872.0,469.0,,40.28110280155541,0.0,,,,,,,2.0,4872.0,469.0,0.54,,1.0,0.8048813343048096,3.0,0.0,0,0,,2385,4919.0,,Good,2.5,2,1,3,1916,47.0,,870000.0,Good,"The model ranked the candidate property at 13 Grundy Cres as more comparable to the subject at 32 Hilborn St due to their similar number of bedrooms and room count, which had positive SHAP impacts of 0.20 and 0.02, respectively. However, the model found the GLA difference of 469.0 square feet to make the candidate less similar, with a negative SHAP impact of -0.11, impacting the overall score."
4778326,108 Macewan Park Green NW,1,184 Sandpiper Cir NW Calgary AB T3K3P4,0.0,0.0,0.0,-1.0,0.0,-18.0,4.0,1992.0,-353.0,117.66666666666664,0.126084741014529,0.0,0.0,0.0,0.0,1.0,0.0,18.0,4.0,1992.0,353.0,1.41,1.0,1.0,3.830289840698242,1.0,2.5,2,1,3.0,1747,8170.0,Detached,Good,2.5,2,1,3,2100,6178.0,Detached,888000.0,Good,"The model ranked the candidate property at 108 Macewan Park Green NW as more comparable to the subject due to its lower effective age compared to the subject, with a SHAP impact of +0.47. Additionally, the similarity in the number of bedrooms and a lower room count also contributed positively to the score, with SHAP impacts of +0.15 and +0.12, respectively. However, the recent sale of the candidate property and a slightly larger lot size compared to the subject had a slight negative impact on the score, with SHAP impacts of -0.01 and -0.12, respectively."
4778326,164 Sandpiper Cir NW,1,184 Sandpiper Cir NW Calgary AB T3K3P4,0.0,0.0,0.0,0.0,0.0,-23.0,-1.0,4166.0,64.0,21.33333333333337,0.2064985809783851,0.0,0.0,0.0,0.0,0.0,0.0,23.0,1.0,4166.0,64.0,0.08,1.0,1.0,3.543154239654541,2.0,2.5,2,1,3.0,1747,8170.0,Detached,Good,2.5,2,1,3,1683,4004.0,Detached,722500.0,Similar,"The model ranked the candidate property as more comparable to the subject due to its identical room count and bedrooms, which had positive SHAP impacts of 0.43 and 0.12, respectively. Additionally, the candidate's effective age being 23 years younger than the subject contributed positively with a SHAP impact of 0.33. However, the recent sale of the candidate property (sold_recently = 1.0, SHAP -0.01) and differences in lot utility and GLA per bedroom had negative impacts, causing the model to slightly lower the overall similarity score."
4778326,123 Sandringham Pl NW,1,184 Sandpiper Cir NW Calgary AB T3K3P4,0.0,0.0,0.0,-1.0,0.0,-20.0,2.0,1367.0,-41.0,13.666666666666629,0.048994134814524,0.0,0.0,0.0,0.0,1.0,0.0,20.0,2.0,1367.0,41.0,0.47,1.0,1.0,3.381742238998413,3.0,2.5,2,1,3.0,1747,8170.0,Detached,Good,2.5,2,1,3,1788,6803.0,Detached,760000.0,Similar,"The candidate property was ranked as more comparable due to having one fewer room and being 20 years older than the subject property, which both positively contributed to its similarity score. However, the fact that it was sold recently and has a larger difference in GLA per bedroom compared to the subject property negatively impacted its similarity score."
4778535,1527 28 Ave SW,1,1633 27 AVE SW Calgary AB T2T1G7,0.0,0.0,,1.0,1.0,-43.0,-29.0,0.0,-97.0,49.60714285714283,0.0155374018901169,1.0,0.0,0.0,,1.0,1.0,43.0,29.0,0.0,97.0,0.22,1.0,0.0,3.1257100105285645,1.0,4.0,4,0,8.0,2002,6243.0,Fourplex,Average,4.0,4,0,7,2099,6243.0,Fourplex,1190000.0,Inferior,"The candidate property was ranked as more similar due to its slightly higher room count and effective age, which had positive SHAP impacts of 0.41 and 0.38, respectively. However, the model considered the candidate less similar due to its higher GLA (gross living area) per bedroom compared to the subject, resulting in a slightly negative SHAP impact of -0.01."
4778535,1521 27 Ave SW,1,1633 27 AVE SW Calgary AB T2T1G7,-1.0,0.0,,0.0,0.0,-22.0,-8.0,0.0,0.0,0.0,0.0,1.0,1.0,0.0,,0.0,0.0,22.0,8.0,0.0,0.0,0.21,1.0,1.0,2.3672664165496826,2.0,4.0,4,0,8.0,2002,6243.0,Fourplex,Average,5.0,4,2,8,2002,6243.0,Fourplex,1350000.0,Superior,"The candidate property was considered more comparable to the subject property due to having the same room count and bedrooms, which had the highest positive impact on the score. Additionally, despite being 22 years younger, the effective age difference also contributed positively to the similarity. However, the fact that the candidate property was sold recently slightly reduced its similarity score."
4778535,4724 Stanley Rd SW,1,1633 27 AVE SW Calgary AB T2T1G7,0.0,0.0,,0.0,0.0,-39.0,-25.0,-1249.0,387.0,48.375,0.1051158931746214,0.0,0.0,0.0,,0.0,0.0,39.0,25.0,1249.0,387.0,3.01,1.0,0.0,0.6061145067214966,3.0,4.0,4,0,8.0,2002,6243.0,Fourplex,Average,4.0,4,0,8,1615,7492.0,Fourplex,1232000.0,Similar,"The candidate property was ranked as more comparable to the subject property due to its identical room count and bedrooms, which had a strong positive impact on the score. Additionally, the candidate's effective age being 39 years younger than the subject's effective age further increased its similarity score. However, the candidate's larger gross living area (GLA) and absolute GLA, as well as being 25 years newer than the subject, negatively impacted its similarity score."
4778557,56 Douglasview Rise SE,1,3666 Douglas Woods Hts SE Calgary AB T2Z2G4,0.0,0.0,,-1.0,0.0,-20.0,3.0,862.0,-224.0,112.0,0.0844022417587206,1.0,0.0,0.0,,1.0,0.0,20.0,3.0,862.0,224.0,0.79,1.0,0.0,3.6771676540374756,1.0,3.0,3,0,2.0,1290,5791.0,Detached,Good,3.0,3,0,2,1514,4929.0,Detached,669000.0,Inferior,"The candidate property at 56 Douglasview Rise SE was ranked as more comparable to the subject property due to its lower effective age compared to the subject, which had a positive impact on the score (SHAP +0.57). Additionally, having one less room and a slightly smaller lot utility also contributed positively to the similarity score."
4778557,739 Queensland Dr SE,1,3666 Douglas Woods Hts SE Calgary AB T2Z2G4,0.5,1.0,,-1.0,-1.0,-39.0,-16.0,-32.0,-111.0,178.0,0.0178381757619059,0.0,0.5,1.0,,1.0,1.0,39.0,16.0,32.0,111.0,2.5,1.0,0.0,3.6131339073181152,2.0,3.0,3,0,2.0,1290,5791.0,Detached,Good,2.5,2,1,3,1401,5823.0,Detached,600000.0,Similar,"The candidate property at 739 Queensland Dr SE was ranked as more comparable to the subject primarily due to its lower room count, fewer bedrooms, and significantly older effective age compared to the subject. These features contributed positively to the similarity score, indicating that the model valued these similarities in size, layout, and age as important factors in making the properties more comparable."
4778557,3617 Douglas Woods Hts SE,1,3666 Douglas Woods Hts SE Calgary AB T2Z2G4,0.0,0.0,,0.0,0.0,-23.0,0.0,1195.0,4.0,2.0,0.0570490748301098,1.0,0.0,0.0,,0.0,0.0,23.0,0.0,1195.0,4.0,0.13,1.0,1.0,3.3657290935516357,3.0,3.0,3,0,2.0,1290,5791.0,Detached,Good,3.0,3,0,2,1286,4596.0,Detached,615000.0,Inferior,"The candidate property was ranked as more comparable to the subject due to having the same number of rooms and bedrooms, which positively influenced the similarity score by 0.41 and 0.16, respectively. Additionally, despite being 23 years older, the candidate's effective age only slightly reduced its similarity score by 0.25. However, the fact that the candidate property was sold recently slightly decreased its similarity score by 0.01, indicating a slightly less favorable match."
4778791,403-501 Frontenac St,1,603 223 PRINCESS ST Kingston ON K7L0G8,0.0,0.0,,0.0,0.0,-4.0,,,-140.0,70.0,,1.0,0.0,0.0,,0.0,0.0,4.0,,,140.0,1.09,1.0,0.0,2.6382088661193848,1.0,2.0,2,0,2.0,678,,Condominium,Good,2.0,2,0,2,818,,Condominium,475000.0,Inferior,"The candidate property at 403-501 Frontenac St was ranked as more comparable to the subject property at 603 223 PRINCESS ST due to its similar room count and bedrooms. Additionally, the lower effective age of the candidate property compared to the subject property contributed significantly to the higher similarity score. However, the model found the lack of data for subject_age_diff and abs_subject_age_diff to slightly reduce the similarity score for the candidate property."
4778791,701-121 Queen St,1,603 223 PRINCESS ST Kingston ON K7L0G8,1.0,1.0,,-2.0,0.0,-7.0,,,-147.0,73.5,,0.0,1.0,1.0,,2.0,0.0,7.0,,,147.0,0.2,1.0,1.0,1.5444122552871704,2.0,2.0,2,0,2.0,678,,Condominium,Good,1.0,1,0,2,825,,Condominium,635000.0,Good,"The model ranked the candidate property as more comparable to the subject property primarily due to its effective age being 7 years younger, and a slightly smaller difference in gross living area (GLA) compared to the subject. However, the larger difference in room count and the fact that the subject property has not been sold recently contributed to the model ranking the candidate property slightly lower in similarity."
4778791,920-652 Princess St,1,603 223 PRINCESS ST Kingston ON K7L0G8,0.0,0.0,,-3.0,0.0,-3.0,,,69.0,34.5,,1.0,0.0,0.0,,3.0,0.0,3.0,,,69.0,1.37,1.0,1.0,1.5409843921661377,3.0,2.0,2,0,2.0,678,,Condominium,Good,2.0,2,0,2,609,,Condominium,405000.0,Inferior,"The candidate property was ranked as more comparable to the subject property due to its effective age being 3 years younger, resulting in a high positive SHAP value of 1.17. However, the model found the candidate less similar because it has 3 fewer rooms, with a negative SHAP value of -0.12, and it was sold recently, which had a small negative impact with a SHAP value of -0.01."
4778794,403-501 Frontenac St,1,501 223 PRINCESS ST Kingston ON K7L0G8,0.0,0.0,,0.0,0.0,-4.0,,,-153.0,76.5,,1.0,0.0,0.0,,0.0,0.0,4.0,,,153.0,1.09,1.0,0.0,2.6382088661193848,1.0,2.0,2,0,2.0,665,,Condominium,Good,2.0,2,0,2,818,,Condominium,475000.0,Inferior,"The model ranked the candidate property as more comparable to the subject due to its similar room count and bedroom count. Additionally, the candidate's effective age being 4 years younger than the subject contributed positively to the similarity score. However, the lack of data for the subject's age and absolute age impacted the score negatively."
4778794,920-652 Princess St,1,501 223 PRINCESS ST Kingston ON K7L0G8,0.0,0.0,,-3.0,0.0,-3.0,,,56.0,28.0,,1.0,0.0,0.0,,3.0,0.0,3.0,,,56.0,1.37,1.0,1.0,1.6032923460006714,2.0,2.0,2,0,2.0,665,,Condominium,Good,2.0,2,0,2,609,,Condominium,405000.0,Inferior,"The model ranked the property at 920-652 Princess St as relatively more comparable to the subject property due to its effective age being 3 years younger than the subject property, which had a high positive SHAP impact of +1.03. Additionally, the identical number of bedrooms (bedrooms_diff = 0.0, SHAP +0.01) also contributed positively to the similarity score. However, the candidate property was considered less similar due to having 3 fewer rooms (room_count_diff = -3.0, SHAP -0.13) and being sold recently (sold_recently = 1.0, SHAP -0.00), which had a small negative impact."
4778794,701-121 Queen St,1,501 223 PRINCESS ST Kingston ON K7L0G8,1.0,1.0,,-2.0,0.0,-7.0,,,-160.0,80.0,,0.0,1.0,1.0,,2.0,0.0,7.0,,,160.0,0.2,1.0,1.0,1.5444122552871704,3.0,2.0,2,0,2.0,665,,Condominium,Good,1.0,1,0,2,825,,Condominium,635000.0,Good,"The model ranked the candidate property as more comparable to the subject due to its effective age being 7 years younger than the subject, as indicated by a SHAP value of +0.96. Additionally, the smaller difference in GLA of -160 square feet also contributed positively to the similarity score with a SHAP value of +0.42. However, the larger negative impact from the difference in room count (-2.0 with a SHAP value of -0.10) and the subject having sold recently (SHAP value of -0.01) decreased the overall similarity score."
4778797,403-501 Frontenac St,1,718 223 PRINCESS ST Kingston ON K7L0G8,-1.0,-1.0,,0.0,-1.0,-4.0,,,-234.0,175.0,,1.0,1.0,1.0,,0.0,1.0,4.0,,,234.0,1.09,1.0,0.0,2.6165730953216553,1.0,1.0,1,0,1.0,584,,Condominium,Good,2.0,2,0,2,818,,Condominium,475000.0,Inferior,"The model ranked the property at 403-501 Frontenac St as more comparable to the subject due to its similar room count and a slightly lower effective age, both of which positively influenced the score. Additionally, the slightly smaller gross living area (GLA) also contributed positively to the similarity score. However, the model found the lower number of bedrooms and the unavailable subject age to slightly detract from the similarity, resulting in the overall score of 2.62."
4778797,701-121 Queen St,1,718 223 PRINCESS ST Kingston ON K7L0G8,0.0,0.0,,-2.0,-1.0,-7.0,,,-241.0,171.5,,0.0,0.0,0.0,,2.0,1.0,7.0,,,241.0,0.2,1.0,1.0,2.292184352874756,2.0,1.0,1,0,1.0,584,,Condominium,Good,1.0,1,0,2,825,,Condominium,635000.0,Good,"The candidate property at 701-121 Queen St received a relatively high score because its effective age, gross living area, and absolute bathroom score were very similar to the subject property, with effective_age_diff of -7.0 receiving the highest positive SHAP impact of +0.95. However, the model found the differences in room count and bedrooms to be less favorable, with negative SHAP impacts of -0.11 and -0.03 respectively, contributing to a slightly lower score."
4778797,920-652 Princess St,1,718 223 PRINCESS ST Kingston ON K7L0G8,-1.0,-1.0,,-3.0,-1.0,-3.0,,,-25.0,279.5,,1.0,1.0,1.0,,3.0,1.0,3.0,,,25.0,1.37,1.0,1.0,2.0430450439453125,3.0,1.0,1,0,1.0,584,,Condominium,Good,2.0,2,0,2,609,,Condominium,405000.0,Inferior,"The candidate property was ranked as more comparable due to its effective age being 3 years younger than the subject, and its slightly smaller size (GLA) by 25 square feet. However, the model deemed it less similar because it has 3 fewer rooms and 1 fewer bedroom compared to the subject property. These differences led to the overall score of 2.04 for the candidate property."
4779669,85 Eastforest Trail,1,81 Eastforest Trail Kitchener ON N2N3M3,0.5,0.0,,0.0,0.0,-18.0,0.0,-28.0,-2.0,0.6666666666666288,0.0025205924275749,1.0,0.5,0.0,,0.0,0.0,18.0,0.0,28.0,2.0,0.01,1.0,0.0,3.7774784564971924,1.0,1.5,1,1,3.0,1451,3625.0,Detached,Average,1.0,1,0,3,1453,3653.0,Detached,660000.0,Inferior,"The candidate property at 85 Eastforest Trail was ranked as more comparable to the subject property due to its identical room count and bedrooms, which had positive SHAP scores of 0.52 and 0.11, respectively. Additionally, the candidate's effective age being 18 years younger than the subject contributed positively to its similarity score, with a SHAP impact of 0.42. These similarities in room count, bedrooms, and effective age resulted in the candidate property receiving a relatively high similarity score of 3.78."
4779669,61 Bush Clover Cres,1,81 Eastforest Trail Kitchener ON N2N3M3,-0.5,-1.0,,0.0,0.0,-14.0,4.0,475.0,-174.0,57.99999999999994,0.1155971538040503,0.0,0.5,1.0,,0.0,0.0,14.0,4.0,475.0,174.0,2.87,1.0,1.0,2.7370505332946777,2.0,1.5,1,1,3.0,1451,3625.0,Detached,Average,2.0,2,0,3,1625,3150.0,Detached,840000.0,Average,"The model ranked the candidate property at 61 Bush Clover Cres as relatively comparable to the subject property due to its identical room count and bedroom count, which positively influenced the score. Additionally, the candidate's effective age being 14 years lower than the subject's also contributed positively. However, the model considered the candidate less similar due to the higher lot utility difference and a relatively higher gross living area per bedroom difference, which had a negative impact on the score."
4779669,7 Peach Blossom Cres,1,81 Eastforest Trail Kitchener ON N2N3M3,-0.5,-1.0,,-2.0,-1.0,-14.0,4.0,571.0,-166.0,79.41666666666669,0.1291936860646297,0.0,0.5,1.0,,2.0,1.0,14.0,4.0,571.0,166.0,2.81,1.0,1.0,1.8118094205856323,3.0,1.5,1,1,3.0,1451,3625.0,Detached,Average,2.0,2,0,4,1617,3054.0,Detached,825000.0,Average,"The candidate property at 7 Peach Blossom Cres was ranked as more comparable to the subject property due to its lower effective age (-14 years) and smaller size (-166 sq. ft.), both of which had positive impacts on the similarity score. However, the model found the candidate less similar due to having 2 fewer rooms, 1 fewer bedroom, and a slightly different absolute bathroom score, all of which had negative impacts on the similarity score."
